Month,BB,MOJO,SUN,AARK,JASMY,RUNE,SHARK,NFT,AAVE,EVER,ICP,KAS,PARAM,NUTS,AFG,DAI,A8,WAXP,MASA,STRK,HTX,NEIRO,ROOT,WOO,VEXT,TWT,UNI,APRS,GCAKE,DRIFT,CAPS,ETC,GMRX,LRC,WWY,ELDA,POL,ETH3L,STETH,FIDA,XZK,FMB,SHRAP,OBX,FLOW,BNB,ANKR,RAIN,RPL,NOT,ALGO,ALT,LFT,MLK,VRTX,PEPE,PIRATE,POPCAT,NEXT,SPEC,ERTHA,TRC,DICE,DEFI,5IRE,XDC,KDA,PYUSD,TRVL,ARB,USTC,TRX,DOME,FAR,MEME,TON,ENS,FITFI,RUBY,XAR,GALAXIS,DOP1,MBS,ZAM,SNX,BTG,SAIL,ORDER,CHRP,FLT,XRP,REAL,LOOKS,MELOS,TNSR,LEVER,CO,BUBBLE,C98,FB,ETH3S,MANA,ROSE,ARTY,CTC,DLC,KARATE,DUEL,EGO,SALD,TENET,BEL,VPR,ACA,WEN,STX,PUMLX,FORT,SQD,OP,ATOM,ZTX,WEMIX,USDY,CELO,MAGIC,QTUM,MOVR,FXS,BCUT,TEL,CBX,XTZ,SAND,APP,NIBI,ZENT,L3,PTU,LGX,MAVIA,RDNT,AR,GST,PAXG,PSP,EVERY,GRAPE,GODS,DFI,RVN,NAKA,KON,NYM,COM,COQ,STG,ACH,DEGEN,VELAR,PLT,MODE,UXLINK,MCG,GALFT,GSWIFT,PIP,G3,AFC,ONDO,ONE,TAI,PTC,DCR,MOG,LENDS,MOCA,ENJ,ULTI,VRA,TAIKO,NRN,XCAD,VELO,THN,AEG,LUNC,BONK,RENDER,WAVES,ZKF,GMX,FAME,W,TAVA,QMALL,LTC,JUP,JTO,SQT,YFI,RPK,INSP,BOME,SCA,ETH,NEON,INTER,XAVA,COMP,SRM,STAR,CANDY,QORPO,BLOCK,CBK,LFW,CPOOL,INTX,AXL,ZEND,SFUND,SOLO,ZKJ,OMNI,JEFF,TAP,CRDS,CAT,APEX,GENE,CLOUD,VEGA,ZK,MEE,FTM,AVAIL,NEXO,MSTAR,DSRUN,TIME,ATH,SHILL,JST,SWEAT,STAT,FET,ACS,GG,APT,PLANET,GALA,SHIB,MNT,VENOM,VELA,FIL,SUSHI,GTAI,BLUR,PERP,ZRX,ETHFI,BICO,ZIL,ID,THETA,VPAD,XEC,KCAL,REN,FTT,CYBER,SVL,AGLD,TST,EOS,BTC,BEAM,MEW,MON,CEL,ADA,SEOR,CITY,FLIP,NYAN,CGPT,KUB,ZIG,BOBA,COT,AKI,NLK,MYRIA,HNT,BOB,DMAIL,FOXY,SAFE,TOMI,XAI,AURORA,USDC,BTT,ZEX,HBAR,TUSD,XEM,ZRO,ETHW,WBTC,TURBOS,HOT,PYTH,APTR,IO,AEVO,T,PEOPLE,USDD,PONKE,QNT,XLM,SLP,JUV,AVA,LUNA,BRAWL,CORE,LL,PPT,AGLA,ZEN,MKR,SSV,GSTS,PRCL,SIS,SPARTA,KMNO,PURSE,WLKN,MBX,NGL,COOKIE,MANTA,BTC3S,SIDUS,KASTA,SQR,PRIMAL,AVAX,DYDX,TAMA,BBL,DECHAT,DZOO,AIOZ,MX,MINA,HERO,XETA,FLOKI,SOL,BCH,PSTAKE,CTT,KMON,KOK,IRL,BNT,ZERO,CSPR,SAROS,BRETT,SEI,SPELL,MERL,PRIME,BTC3L,HVH,RSS3,RACA,WIF,BLAST,MDAO,MASK,GNS,METH,USDE,FIRE,SC,DOT,WELL,DOGE,CUSD,APE,ZETA,SEILOR,MBOX,G,LAI,ROUTE,EXVG,ECOX,DOGS,HOOK,FMC,POKT,BAT,MVL,SUI,FON,ARKM,SON,PBUX,MXM,ESE,ORT,DPX,PSG,1INCH,CAKE,PENDLE,MPLX,KAVA,TOKEN,KSM,DYM,GLMR,CHZ,ICX,NEAR,VANRY,MIX,MYRO,MCRT,INJ,HLG,OAS,ZKL,SATS,GUMMY,NESS,OMG,LIS,SCRT,PORT3,AURY,ENA,IZI,VV,PORTAL,VIC,ROND,AGI,LMWR,GRT,CRV,FLR,PIXFI,SD,RATS,STRM,AZY,WLD,ELIX,GMT,TIA,AXS,UMA,DGB,XYM,LINK,MV,KLAY,1SOL,KCS,OMNICAT,BONUS,MATIC,LDO,IMX,ORDI,MFER,HFT,CTA,EGLD
2021-07-01,,,,,,,,,,,,,,,,,,,,,,,,,,,,,,,,,,,,,,,,,,,,,,,,,,,,,,,,,,,,,,,,,,,,,,,,,,,,,,,,,,,,,,,,,,,0.74547,,,,,,,,,,,,,,,,,,,,,,,,,,,,,,,,,,,,,,,,,,,,,,,,,,,,,,,,,,,,,,,,,,,,,,,,,,,,,,,,,,,,,,,,,,,,,,,,,,,,,,,,,,,,,,,,,,,2530.0,,,,,,,,,,,,,,,,,,,,,,,,,,,,,,,,,,,,,,,,,,,,,,,,,,,,,,,,,,,,,,,,,,,,,,,4.0602,41447.67,,,,,,,,,,,,,,,,,,,,,,,,,,,,,,,,,,,,,,,,,,,,,,,,,,,,,,,,,,,,,,,,,,,,,,,,,,,,,,,,,,,,,,,,,,,,,,,,,,,,,,,,,,,,,,,,,,,,,,,,,,,,,,,,,,,,,,,,,,,,,,,,,,,,,,,,,,,,,,,,,,,,,,,,,,,,,,,,,,,,,,,,,,,,,,,,,,,,,,,,,,,,,,,,,,,
2021-08-01,,,,,,,,,,,,,,,,,,,,,,,,,,,,,,,,,,,,,,,,,,,,,,,,,,,,,,,,,,,,,,,,,,,,,,,,,,,,,,,,,,,,,,,,,,,1.1863,,,,,,,,,,,,,,,,,,,,,,,,,,,,,,,,,,,,,,,,,,,,,,,,,,,,,,,,,,,,,,,,,,,,,,,,,,,,,,,,,,,,,,,,,,,,,,,,,,,,,,,,,,171.4,,,,,,,,,3432.65,,,,,,,,,,,,,,,,,,,,,,,,,,,,,,,,,,,,,,,,,,,,,,,,,,,,,,,,,,,,,,,,,,,,,,,5.0429,47103.33,,,,,,,,,,,,,,,,,,,,,,,,,,,,,,,,,,,,,,,,,,,,,,,,,,,,,,,,,,,,,,,,,,,,,,,,,,,,,,,,,,,,,,,,,,,,,,,,,,,,,,,,,,,,,,,,,,,,31.35,,0.2782,,,,,,,,,,,,,,,,,,,,,,,,,,,,,,,,,,,,,,,,,,,,,,,,,,,,,,,,,,,,,,,,,,,,,,,,,,,,,,,,,,,,,,,,,,,,,
2021-09-01,,,,,,,,,276.3,,,,,,,,,,,,,,,,,,23.53,,,,,,,,,,,,,,,,,,,,,,,,,,,,,,,,,,,,,,,,,,,,,,,,,,,,,,,,,,,,,,,,0.9515,,,,,,,,,,,0.689,,,,,,,,,,,,,,,,,,,,,,,,,,,,,,,,,,,,,,,,,,,,,,,,,,,,,,,,,,,,,,,,,,,,,,,,,,,,,,,,,,,,,,,,,,,,,,,153.34,,,,29225.83,,,,,3001.16,,,,318.1,,,,,,,,,,,,,,,,,,,,,,,,,,,,,,,,,,,,,,,,,,,,,,,,10.151,,,,,,,,,,,,,,,,,,,3.9243,43801.54,,,,,,,,,,,,,,,,,,,,,,,,,,,,,,,,,,,,,,,,,,,,,,0.2788,,,,,,,,,,,2288.0,,,,,,,,,,,,,,,,,,,23.557,,,,,,,,,,,,,,,,,,,,,,,,,,,,,,,,,,,,,,,,28.61,,0.2043,,,,,,,,,,,,,,,,,,,,,,,,,,,,,,,,,,,,0.2619,,,,,,,,,,,,,,,,,,,,,,,,,,,,,,,,,,,,,,,74.57,,,,23.99,,,,,,,,,,,,,,
2021-10-01,,,,,,,,,314.2,,45.13,,,,,,,,,,,,,,,,24.99,,,,,,,,,,,,,,,,,,,,0.1204,,,,,,,,,,,,,,,,,,,,,,,,,,,,,,,,,,,,,,,,,,,,1.1116,,,,,,,,,,,2.8994,,,,,,,,,,,,,,,,,,,,,,,,,,,,,,,6.347,,,,,,,,,,,,,,,,,,,,,,,,,,,,,,,,,,,,,,,,,,,,,,,,,,,,,,42.87,,,26.37,,,,,,,191.74,,,,34131.78,,,,,4281.56,,,,345.6,7.263,,,,,,,,,,,,,,,,,,,,,,,,,,,,,,,,,,,,,,,,,,,,,,64.67,10.855,,,16.33,1.1814,,,,,,,,,,,,,3.064,,4.6233,61241.16,,,,,1.97,,,,,,,,,,,,,,,,,,,,,0.996,,,,,,,,,,,,,,,,,,,284.2,0.37243,,,,,,,,,,,2422.0,,,,,,,,,,,,,,,,,,,15.225,,,,,,,,,,,203.45,594.3,,,,,,,,,,,,,,,,,,,,,,,,,,,,42.744,,0.2799,,,,,,,,,,,,,,,1.0012,,,,,,,,,,,,,,,,,,369.4,,,0.4177,,,,,,,,,,,,,,13.42,,,,,,,,,,,,,1.04,4.456,,,,,,,,,,,138.22,,,,29.98,,1.584,,,,,,,,,,,,
2021-11-01,,,,,0.16854,,,,256.3,,40.79,,,,,,,,,,,,,1.02834,,,21.24,,,,,,,,,,,,4462.59,,,,,,,,0.14807,,,,1.82006,,,,,,,,,,,,,,,,,,1.0029,,,,,,,,69.261,,,,,,,,,,,,,,0.9969,,,,,,,,3.0299,,,4.64,,,,,,,,,,,,,,,,,,,27.5662,,17.0833,,,,,,,,,0.63021,5.47,6.84725,,,,,1.947,,,,,,,0.6562,,,6.63852,,,,,,,,,,,,,,,,6.04361,,,,,,0.25317,,,,,,,3.53932,,,,,,,,,59.87,,,21.38,,,,,,,207.87,,,,29594.89,,,,,4631.52,,,,278.2,5.66,,,,,,1.9715,,,,,,,,,,,,,,24.743,,,,,2.14752,,,,,,,1.29076,,,,,,,,,0.62908,,,,,53.93,8.029,,,12.6,1.1811,,,,,,,,,,50.612,,,2.284,,4.0031,56891.82,,,,,1.552,,,,,,,,5.3402,,,,,,,,,,,,,0.9979,,,,,0.17216,,,,,,,,,,,,,,201.9,0.33573,0.05876,,2.3359,,,,,,,,3052.0,,,,,,,,,,,,,,,,,,120.7161,12.59,,,,,,,,,,,208.81,570.2,,,,,,,,,,,,0.01335,,,,,,,,,,,,,,,,37.907,,0.21443,,,,,,,,,,,,,,,1.4536,,,,,,,,,,,,,14.013,,,,,392.3,,,0.438,,,,,,,,,,,,,,8.637,,,,,,,,,,,,,0.9225,5.058,,,,,,,,,,,136.97,,,0.3593,25.31,,1.464,,,,,1.7874,,8.2196,,,,,
2021-12-01,,,,,0.08525,6.8049,,,253.9,,24.44,,,,,,,,,,,,,0.86746,,,17.01,,,,,,,2.1107,,,,,3658.69,,,,,,,,0.10032,,,,1.65984,,,,,,,,,,,,,,,0.09915,,,0.2852,,,,,,,,39.028,,,,,,,,5.5239,40.5402,,,,,0.8284,12.6599,,,,,,,2.3894,,,3.2712,,,,,,,,,,,,,,,,,,,32.4453,,9.4926,,,,8.7301,,,,0.0117,0.37626,4.344,5.84501,,,,,1.299,,,,,,,0.3832,,,4.33097,,0.09884,,,,,,,,,,0.38346,,,,4.27139,,,,,,0.23411,,,69.75,,,,2.57602,,,,,,,,,85.41,,,14.52,,,,,,,146.15,,,,33157.48,,,,,3677.22,,,,199.9,3.412,,,,,,0.6676,,,,,,,,,,,,,,11.259,,,,,2.24842,,2.4074,,,,,0.4607,,,,,,,,,0.45158,3.385e-05,,,,34.28,9.446,,,8.75,0.8029,,4.524,0.07538,,4.7321,,0.00010827,,0.52577,38.2877,,,1.624,,3.0303,46198.56,,,,4.3956,1.308,,,,,,,,2.9467,,,,,,,,,,,,,1.0,,,0.2902,,0.12288,,,,,0.00734,,,,,,,,,179.1,0.26657,0.02708,,1.8355,,,,,,,60.7092,2338.0,,,,2.9305,,,,,,,,,,,,,,109.6349,8.098,,,,,,2.1823,,,,,169.96,430.2,,,,,,3.2178,,,,,,0.0234,,,,,,,,,,,,,,,,26.606,,0.17026,,,,,,,,,,,,,,,1.2033,,,,,,,,,,,,2.4017,11.7104,,,,,277.4,,,0.2828,,,,,,,,,,,,,,5.88,,,,,,0.1028,,,,,,,0.6434,5.321,,,,,,,,,,,93.17,9.1602,0.03331,0.19471,19.49,,1.282,1.0525,,,,2.5281,3.1568,4.89597,,,,,238.23
2022-01-01,,,,,0.04576,4.1244,,,157.6,,19.8,,,,,1.00007,,,,,,,,0.58267,,,11.8,,,,,,,0.9997,,,,,2670.86,,,,,,,,0.07969,0.48222,,,0.951,,,,,,,,,,,,,,,0.05962,,,0.1503,,,,,,,,20.177,,,,,,0.3912,,5.7295,29.7734,,,,,0.6169,5.0505,4.7837,,,,,,1.6531,,,2.8211,,,,,,,,,,,,1.4602,,,,,,,28.061,,6.0258,,,,6.082,,,,0.00775,0.26586,3.48,4.09222,,,,,1.125,,,,,,,0.1665,,,2.13776,,0.06988,,,,,,,,,,0.25342,,,,2.79242,,,,,,0.18677,,,63.9711,,,,1.88395,,,,,,,,,52.12,,,9.11,,,,,,,109.49,,,,24799.83,,,,,2686.06,,,,122.1,2.317,,,,,,0.4497,,,,,,,,,,,,,,5.871,,,,,2.0453,,2.0567,,,,,0.16674,,,,,,,,,0.20119,2.141e-05,,,,21.28,4.219,,,6.3,0.5676,,2.164,0.04487,,2.9449,1.1291,7.63e-05,,0.3334,43.6291,,,0.812,,2.3383,38454.49,,,,2.5575,1.053,,,,,,,,1.5926,,,,,27.9401,,,,,,,,0.9995,,,0.22366,,0.10205,,,,,0.00459,,,,,,,,,96.8,0.19948,0.0099,,1.1816,,,,,,,41.2152,2134.0,,,,1.8124,,,,,,,,,,0.05409,0.51182,,,69.9437,5.913,,,,,,1.7269,,,,,99.91,285.2,,,,,,2.5315,,,,,,0.0073,,,,,,,,,,,,,,,,19.373,,0.1416,,,,,,,,,,,,,,,0.8523,,,,,,,,,,,,1.6878,7.3954,,,,,160.7,,,0.1894,0.7532,,,0.01173,,,,,,,,,,5.011,,,,,,0.0563,,,,,,,0.41,3.281,,,,,,,,,,,52.33,5.9448,0.02165,0.18594,17.16,0.36643,1.201,0.6533,,,,1.6423,2.0131,2.69796,,,,,147.12
2022-02-01,,,0.01223,,0.01789,3.9845,,1.81e-06,146.2,,20.16,,,,,1.00074,,,,,,,,0.51225,,,10.54,,,,,,,0.8243,,,,,2917.73,,,,,,,,0.07196,0.36092,,,0.86922,,,,,,,,,,0.11679,,,,,0.0547,,,0.1116,,,0.06176,,,,,15.359,,,,,,0.3617,,4.1528,32.1957,,,,,0.7811,3.3911,1.2099,,,,,,1.4089,,,2.8478,,,,,,,,,,,,1.2473,,,,,,,31.3525,,5.4916,,,,6.5012,,,,0.00591,0.24174,3.542,3.21214,,,,,1.013,,,,,,,0.1274,,,1.36891,,0.06249,,,,,,,0.04946,,,0.25515,,,,2.80235,,,,,,0.15618,,,61.9271,,,,1.56632,,,,,,,,,91.27,,,16.34,,,,,,,113.73,,,,21577.02,,,,,2921.44,,,,120.9,2.091,,,,,,0.3419,,,,,,,,,,0.0806,,,,6.449,,,,,1.78154,,2.1438,,,,,0.17726,0.04824,,,,,,,,0.26064,2.579e-05,,,,21.7,3.529,,,4.7,0.5767,,1.35,0.04331,,3.3591,0.6036,7.88e-05,,0.35275,45.9534,,,1.233,,2.2835,43178.53,,,,3.2057,0.964,,,,,,,,1.3081,,,,,25.8152,,,,,,,,0.9994,2e-06,,0.23022,,0.10787,,,,,0.00468,,,,,0.17482,,,,116.0,0.19764,0.02069,,1.4084,,,,,,,37.9523,1962.0,,,,2.1495,,,,,,,,,,0.04087,0.25268,,,84.3194,5.891,,,,,,1.8724,,,,,99.72,338.1,0.75338,,,,,2.4457,,,,,,0.00439,,,,,0.302,,,,,,,,,,,18.973,,0.13341,,,,,,,,,,,,,,,0.7426,,,,,,,,,,,,1.5028,6.8391,,,,,129.8,,,0.1926,0.7051,,,0.0099,,,,,,,,,,4.224,,,,,,0.0518,,,,,,,0.3771,2.437,,,,,,,,,,,54.39,7.25,0.02191,0.15201,15.13,0.825,1.242,0.4075,,,,1.6165,1.929,1.55764,,,,,150.67
2022-03-01,,,0.01608,,0.03535,11.4408,,1.87e-06,207.0,,21.01,,,,,0.99912,,,,,,,,0.62827,,,11.28,,,,0.06059,,,1.1643,,,,,3273.75,1.8367,,,,,6.79,427.3658,0.09528,0.33894,,,0.92893,,,,,,,,,,0.08189,,,,,0.05734,,,0.1065,,1.00001,0.07391,0.05081,,,,18.047,,,,,,0.2352,,6.7977,41.9503,,,,,0.8146,4.8532,2.3171,,,,,,1.6995,,,2.6127,,,,,,,,,,,,1.4201,,1.426,,,,,28.8833,,4.6006,,,,8.3046,,,,0.00794,0.17167,3.723,3.38892,,,,,1.001,,,,,,1938.4451,0.1157,,,1.40519,,0.06942,,,,,,3.3435,0.04186,,,0.3802,,,,3.5771,,,,,,0.16196,,,62.1032,,,,1.79368,,,,,,,,,103.02,,,54.46,,39.5413,,,,,123.82,,,,22219.28,,,,,3280.86,,,,149.3,3.235,,,,,,0.3487,,,,,,,,,,0.053021,,,,16.445,,,,,1.43076,,2.3807,,,,,0.14377,0.08407,,,,,,,,0.25439,2.578e-05,,,,24.46,4.401,,,5.05,0.7741,,1.596,0.17974,,4.198,0.3238,9.3e-05,,0.49756,48.867,,,2.104,,2.8307,45513.51,,,,3.339,1.141,,,,,,,,1.4667,,,,,24.3372,,,,,,,,0.9999,2.15e-06,,0.23599,,0.11827,,,,,0.00659,,,,,0.13313,,,,137.9,0.22837,0.02012,,1.69,,,,,,,48.6167,2092.0,,,,1.35,,,,,,,,,7.4174,0.02659,0.27808,,,97.3772,6.026,,,,,,2.4738,2.703,0.05054,,,122.76,384.7,0.67969,,,,,2.6905,,,,,,0.00432,,,12.3248,,0.23872,0.002289,,,,,,,,,0.012111,21.33,,0.13807,,12.6902,,,,,,,,,,,,1.0676,0.866,,,,,0.00248,,,,,,,1.7767,8.752,,,,,188.7,,,0.2829,0.9968,13.3412,,0.01112,,,,,,,,,,5.483,,5.2777,,,,0.0782,,,,,,,0.4682,2.635,,,4.8313,,,,,,,,63.47,7.8048,0.03262,0.1447,16.93,0.728,1.164,0.2615,,,,1.6182,3.5859,2.34648,,,,,186.81
2022-04-01,,,0.01291,,0.01819,6.0659,,1.4e-06,142.6,,12.43,,,,,1.00082,,,,,,,,0.34763,,,6.75,,,,0.02776,,,0.6811,,,,,2708.08,1.0903,,,,,4.48,377.3307,0.05977,0.26345,,,0.56822,,,,,,,,,,0.03676,,,,,0.06191,,,0.1514,,0.999,0.06243,0.03206,,,,20.464,0.486844,,,,,0.15,0.040579,4.3674,27.8233,,,,,0.5847,3.1988,1.3065,0.12902,,,,,1.1137,,,1.4331,,,,,,,,,,,,0.9676,,0.9266,,,,,17.812,,2.4153,,2.357,,5.3194,40.1823,,,0.004,0.13311,2.535,1.96519,,,,,0.946,0.1833,,,,4.9262,1908.637,0.0618,,,0.69875,,0.04172,,,,,,0.9041,0.0248,,,0.2846,,,,2.6332,,,,,,0.07438,,,55.0721,,,,1.06049,,,,,,,,,78.1,,,12.68,,25.0513,,,,,95.85,,,,16665.1,,,,,2725.88,,,,104.0,1.822,,,,,,0.0781,,,,,2.95,,,,,0.041579,,,0.2354,12.672,,,,,0.6852,,2.3253,,,,,0.0723,0.05733,,,,,,,,0.13152,2.015e-05,,,,14.24,2.289,,,3.1,0.7525,,1.004,0.07207,,2.2022,0.2405,6.84e-05,,0.27662,38.0061,,,0.9,,2.0129,37626.05,,,,2.0313,0.756,,,,,,,,0.9772,,,,,12.3386,,,,,,,,0.9998,1.67e-06,,0.1411,,0.088,,,37687.46,,0.00386,,,,,0.0865,,,,92.7,0.1689,0.01083,,1.1371,,,,,,,28.8649,1457.9,,,,0.9001,,,,,,,,,11.0714,0.0085,0.20876,,,56.9384,3.455,,,,,,2.2593,1.7126,0.02926,,,84.9,278.0,0.58391,,,,,1.9888,,,,,,0.00301,,,6.6351,,0.1633,0.001015,,,,,,,,,0.008157,14.489,,0.12731,,19.9849,,,,,,,,,,,,0.39877,0.5694,,,,,0.002538,,,,,,,1.1186,7.2519,,,,,131.4,,2.3782,0.1714,0.6094,10.331,,0.00787,,,,,,,,,,3.605,,3.9839,,,,0.0531,,,,,,,0.3061,1.999,,,3.2173,,,,,,3.5118,,29.22,5.3666,0.01851,0.08926,10.96,0.93601,0.736,0.1373,,,,1.0329,2.8957,1.35128,,,,,127.47
2022-05-01,,,0.010239,,0.013501,3.1587,,8.353e-07,112.9,,8.27,,,,,0.9993,,,,,,,,0.17582,,,5.69,,,,0.01985,,,0.5635,,,,7.686,1895.64,0.5029,,,,,2.7,320.9568,0.03895,0.12676,,,0.41065,,,,,,,,,,0.01703,,,,,0.04075,,,0.105,,0.02118,0.08435,0.02551,,,,11.866,0.131991,,,,,0.0755,0.024982,3.1142,23.3622,,,,,0.4214,1.5229,0.5234,0.16781,,,,,0.691,,11.1552,1.0882,,,0.534483,,,,,,,,,0.4211,,0.567,,,,1.4607,10.3188,,4.2691,,1.4794,,4.1455,23.0913,,,0.002142,0.06844,2.088,1.45038,,,,,0.665,0.023599,,,,1.1416,1838.697,0.0369,,,0.81593,,0.02961,,,,,,0.5548,0.0173,,,0.19136,,,,2.81993,,,,,,0.04612,,,36.4824,,,,0.69892,,,,,,,,,0.00011444,,,9.0,,20.2818,0.048105,,,,68.37,,,,8058.83,,,,,1941.77,,,0.893,63.7,1.129,,,,,,0.031102,,,,,1.60288,,,,,0.011996,,,0.1435,12.739,,,,,0.40338,,1.2863,,,,,0.03874,0.0447,,,,,,,,0.08289,1.173e-05,,,,8.09,1.874,,,1.3873,0.4204,,0.856,0.05484,,1.343,0.1717,5.113e-05,,0.15797,28.9545,,,0.578,,1.3804,31801.46,,,,0.8369,0.627,,,,,,,,0.5017,0.051511,,,,9.4216,,,,,,,,1.0007,1.1311e-06,,0.09497,,0.053,,,31981.43,,0.002961,,,,,0.04739,,1.0019,,71.0,0.15063,0.005761,,0.7552,8.8776,,,,,,22.2975,1315.0,,,,0.2621,,,,,,,,,13.7086,0.00355,0.0985,,,26.431,2.033,,,,,,1.6197,0.959,0.01474,,,45.75,205.0,0.26299,,0.023807,1.6753,,1.339,,,,,,0.001324,,,3.52,,0.14615,0.00052416,,,,,,,,,0.005651,10.351,,0.0859,,6.7632,,,,,,,,,,,,0.17765,0.4022,,,,,0.002088,,,,,,,0.966,4.64,,,,,80.1,,1.3531,0.1222,0.3992,5.9549,,0.005836,,,,,,,,,,2.754,,1.6597,,,,0.040589,,,,,,,0.1631,1.382,,,0.8991,,0.1747,,,,1.1819,,23.91,3.2987,0.0127,0.05923,7.58,0.77539,0.437,0.1472,,,,0.662,1.0575,1.10527,,,,,81.7
2022-06-01,,,0.00561,,0.009427,1.8887,,6.011e-07,57.1,,5.35,,,,,1.00047,,,,,,,,0.1667,,,5.01,,,,0.01418,,,0.3855,,,,0.7516,1028.74,0.3589,,,,0.0247,1.5,219.3526,0.02744,0.06691,,,0.31479,,,,,,,,,,0.01102,,,,,0.02372,,,0.053533,,0.0463,0.06484,0.00875,,,,8.593,0.081746,,,,,0.1238,0.012697,2.2855,15.5017,,,,,0.3323,0.6472,0.3129,0.03431,,,,,0.4691,,24.9396,0.8822,,,0.380733,,,,,,,0.8471,,0.2299,,0.409,,0.2738,,0.5453,7.569,,2.843,,0.8621,,2.8091,11.2614,,,0.001532,0.06754,1.428,1.1233,,,,,0.483,0.013704,,,,0.1257,1815.5292,0.023856,,,0.47131,0.9022,0.02302,,0.3635,,,,0.3881,0.01245,,,0.18187,,,,2.2011,,,,,,0.01819,,,22.7939,,,,0.51026,,,,,,,0.008757,,0.00011302,,,5.06,,15.2112,0.018677,,,,53.85,,,,5427.74,,,,,1071.4,,,0.4871,47.6,0.854,,,,,,0.022395,,,,,1.11995,,,,,0.009565,,,0.1942,8.582,,,,,0.25182,,0.5795,,,,,0.02155,0.02754,,,,,,,,0.05436,1.03509e-05,,,,5.4,0.99,,,0.6293,0.3287,,0.504,0.03867,,1.194,0.0981,3.86e-05,,0.11272,24.5772,,,0.435,,0.9255,19947.96,,,,0.6265,0.46,,,,,,,,0.375,0.043651,,,,9.3442,,,,,,,,1.0013,8.071e-07,,0.06394,,0.03824,,,19775.06,,0.002103,,,,,0.03385,,0.9897,,53.4,0.1123,0.003816,,0.541,2.1277,,,,,,13.0682,907.7,,,,0.227,,,,0.11753,,,,,33.1972,0.002057,0.07375,,,16.9475,1.367,,,,,,1.31,0.6105,0.00868,,,33.77,103.2,0.11625,,0.01345,0.6744,,0.4948,,,,,,0.00095011,,,0.6889,,0.14341,0.00036952,,,,,,,,,0.003714,7.058,,0.06648,,4.6344,,,,,,,,,,,,0.11461,0.3926,,,,,0.001076,,,,,,,0.6972,3.0462,,,,,48.1,,0.6221,0.0975,0.2802,3.339,,0.003858,,,,,,,,,,1.847,,0.9246,,,,0.027023,,,,,,,0.0956,0.687,,,0.7011,,0.0707,,,,0.8424,,14.57,2.4899,0.009322,0.05078,6.28,0.3932,0.242,0.0808,,,,0.4815,0.4507,1.00801,,,,,51.16
2022-07-01,,,0.006279,,0.0103,2.6035,,6.211e-07,97.6,,8.97,,,,,0.99863,,,,,,,,0.21699,,,8.35,,,,0.01852,36.41,,0.4183,,,,2.2836,1637.22,0.529,,,,0.00943,1.92,283.6928,0.03029,0.07388,,,0.33616,,,,,,,,,,0.00779,,,,,0.0297,,,0.064,,0.03492,0.06883,0.006861,,,,14.302,0.091937,,,,,0.1004,0.009283,3.57,30.5492,,,,,0.3792,0.4247,0.3737,0.02872,,,,,0.5051,,4.2513,0.9747,,,0.453686,,,,,,,0.8587,,0.2846,,0.4451,,0.2955,,1.5852,10.3669,,2.4451,,1.0286,,4.0549,14.8159,,,0.001501,0.06367,1.74,1.3082,,,,,0.401,0.013867,,,,0.06,1760.1073,0.026611,,,0.42853,1.1677,0.03699,,0.1534,,,,0.406,0.01593,,,0.16372,,,,2.29815,,,,,,0.02275,,,27.2736,,,,0.61541,,,,,,,0.00616,,9.789e-05,,,5.68,,39.6036,0.015614,,,,59.75,,,,10853.58,,,,,1678.53,,,0.5187,57.0,0.994,,,,,,0.022001,,,,,2.33144,,,,,0.009441,,,0.2844,7.598,,,,,0.32992,,0.7102,,,,,0.02436,0.03056,,0.4698,,,,,,0.05718,1.1702e-05,,,,9.78,1.447,,,0.8791,0.3875,,0.625,0.04246,,1.3382,0.0719,4.389e-05,,0.14423,30.3804,,,0.465,,1.3316,23305.12,,,,1.0968,0.516,0.039019,,,,,,,0.568,0.03049,,,,9.1879,,,,,,,,0.9997,9.873e-07,,0.0761,,0.04923,,,23273.34,,0.002252,,,,,0.03835,,0.9981,,102.3,0.11754,0.004397,,1.0519,1.8892,,,,,,18.9343,1101.9,,0.032734,,0.2248,,,,0.08442,,,,,16.3461,0.002633,0.07494,,,23.7227,2.505,,,,,,1.351,0.7751,0.007916,0.06885,1.2717e-05,42.37,139.5,0.13228,,0.014618,0.3855,,0.5614,,,,,,0.00108802,,,0.9836,,0.13673,0.00040101,,,,,,,,,0.004521,8.622,,0.06806,0.9945,6.7231,,,,,,,,,,,,0.07164,0.3994,,,,,0.000579,,,,,,,0.7615,3.9561,,,,,64.5,,0.7985,0.1218,0.3157,4.2397,,0.004395,,,,,,,,,,2.199,,1.0725,,,,0.032719,,,,,,,0.1284,1.317,,,0.4427,,0.0423,0.3507,,,0.9584,,18.04,2.8717,0.012259,0.05635,7.65,0.31826,0.301,0.0574,,,,0.9285,2.1442,1.08425,,,,,57.08
2022-08-01,,,0.005649,,0.0086,1.9226,,5.819e-07,84.8,,6.24,,,,,0.99998,,0.09796,,,,,,0.14961,,,6.14,,,,0.01195,32.36,,0.3521,,,,1.4552,1507.61,0.4194,,,,0.00913,2.08,278.9754,0.03541,0.06086,,,0.28862,,,,,,,,,,0.00505,,0.09893,,,0.02664,1.603,,0.059821,,0.03021,0.06331,0.00187,,,,12.477,0.075398,,,,,0.0823,0.008329,2.9551,22.7503,,,,,0.3276,0.2934,0.2637,0.02658,,,,,0.4397,,4.25,0.7724,0.0623,,0.340438,,,,,,,0.6725,,0.1885,,0.3663,,0.2301,,1.1298,11.8302,,2.0961,,0.8261,,3.1099,12.1964,,,0.001529,0.0583,1.512,0.94223,,,,,0.417,0.00849,,,10.129,0.0352,1703.4301,0.019902,,,0.31857,0.9272,0.02854,,0.0574,,,,0.666,0.01315,,,0.13758,,,,2.51151,,,,2.4685,,0.02123,,,28.3054,,,,0.51607,,,,,,,0.003583,,0.00022135,,,4.5,,46.9101,0.006355,,,,53.8,,,,9022.66,,,,,1554.7,,3.3914,0.3001,46.5,0.779,,,,,,0.010442,,,,,2.05268,0.1441,,,,0.008303,,,0.2452,5.202,,,,,0.27296,,1.0777,,,,,0.0246,0.02785,,0.3272,,,,,,0.05039,1.20903e-05,,,,5.73,1.035,,,0.6862,0.2981,,0.504,0.03619,,1.1587,0.0506,4.433e-05,,0.11965,26.7312,,,0.345,,1.3731,20051.21,,,,1.1476,0.446,0.02007,6.6861,,,,,,0.3206,0.035103,,,,5.2484,,,,,,,,0.9999,8.799e-07,,0.06331,,0.04383,,,20050.45,,0.002075,,,,,0.03274,,0.9967,,96.5,0.1044,0.003891,5.6122,0.8479,1.7823,,,,,,15.5769,760.4,,0.024167,,0.19,,,,0.05859,,,,,23.718,0.002827,0.05981,,,19.1394,1.521,,,,,,1.0002,0.668,0.004603,0.05419,1.0012e-05,31.51,115.3,0.14184,,0.010298,0.3588,,0.4583,,,,,,0.00133968,,,0.6786,,0.12321,0.00038124,,,,,,,,,0.004036,7.034,,0.06138,0.9945,4.7647,,,,,,,,,,,,0.1157,0.335,,,,,0.000335,,,,,,8.8322,0.6631,3.9112,,,,,47.6,,0.5303,0.2173,0.2725,4.3756,,0.004198,,,,,,,,,,1.796,,1.1027,,,,0.029006,,,,,,,0.1025,1.144,,,0.4279,,0.0318,0.10317,,,0.672,,14.15,2.7284,0.010568,0.04264,6.63,0.19728,0.23,0.0247,,,,0.8325,1.9736,0.83287,,,,,52.56
2022-09-01,,,0.005184,,0.006579,1.5778,,4.988e-07,74.6,,6.06,,,,,1.0003,,0.08564,,,,,,0.13572,,,6.47,,,,0.01156,27.75,,0.2966,0.015,,,0.9021,1322.65,0.47,,,,0.00744,1.69,284.9644,0.03042,0.0571,,,0.35286,,,,,,,,,,0.0039,,0.0538,,,0.03192,1.3897,,0.0553,,0.03172,0.06103,0.002356,,,,16.051,0.053609,,,,,0.0771,0.006005,2.3804,20.6624,,,0.01009,,0.48,0.2638,0.2051,0.01643,,,0.04927,,0.3613,,5.5567,0.6987,0.06094,,0.302598,0.10231,,,,,,0.592,,0.1829,,0.3253,,0.1427,,0.9108,13.0231,,1.7882,,0.795,,2.8545,10.5599,,,0.001342,0.07357,1.425,0.84335,,,,,0.462,0.007049,,,9.3067,0.0261,1649.0427,0.028174,,,0.40264,0.7093,0.03545,,0.0276,,,,0.5273,0.01177,,,0.1161,,,,2.27288,,,,2.1252,,0.01978,,,24.8515,,,,0.45317,,,,,,,0.003324,,0.00030284,,,3.82,,39.5805,0.005826,,,0.5317,53.48,,,,8126.41,,,,,1329.03,,3.3269,0.3503,60.9,0.764,,,,,,0.008076,,,,,1.88731,0.1347,,,,0.007096,,,0.4501,2.934,,,,,0.22517,,0.9167,,,,,0.03063,0.02494,0.0287,0.2713,,,,,,0.04053,1.13212e-05,,,,5.69,1.101,,,0.5741,0.2673,,0.416,0.03119,,1.0763,0.0375,4.105e-05,,0.11722,24.2299,,,0.323,,1.1829,19421.9,,,,1.4085,0.434,0.012614,6.5128,,,,,,0.2876,0.026139,,,,5.301,,,,,,,,1.0,7.782e-07,,0.05748,,0.04076,,12.0,19397.57,,0.002035,,,,,0.03003,,0.9992,,141.9,0.11466,0.003286,5.091,0.7581,2.4842,,,,,0.01453,14.0659,738.3,,0.0295,,0.1375,,,,0.05218,,,,,22.1895,0.00243,0.05139,,,17.2045,1.27,,,,,,0.9297,0.5942,0.0028,0.0776,7.71e-06,33.26,120.1,0.13168,,0.014231,0.1652,,0.4306,,,,,,0.00101947,,,0.6127,,0.12736,0.00029541,,,,,,,,,0.003457,6.318,,0.06166,0.9961,5.4081,,,,,,,,,,,,0.07543,0.3038,,,,,0.000359,,,,,,8.5009,0.5761,4.7501,,0.4088,,,42.1,,0.4444,0.2353,0.2368,3.5622,,0.003609,,,1.705,,,,,,,1.727,,0.9504,,,,0.026099,,,,0.30005,,,0.0987,0.915,,,0.3585,,0.0249,0.05596,,,0.6405,,12.55,2.3291,0.009447,0.0373,7.58,0.25491,0.195,0.0115,,,,0.7782,1.5796,0.75683,,,,,47.45
2022-10-01,,,0.006736,,0.005112,1.5847,,6.214e-07,83.9,,5.28,,,,,0.9999,,0.08336,,,,,,0.17491,,,6.96,,3.589e-07,,0.01062,24.27,,0.2748,0.012,,,1.3934,1571.23,0.4026,,,,0.00484,1.67,325.6067,0.02943,0.0605,,,0.35898,,,,,,,,,,0.0042,,0.04392,,,0.03081,1.405,,0.0453,,0.03772,0.06325,0.002259,,,,16.983,0.053174,,,,,0.1496,0.003538,2.5078,17.6676,,,0.005171,,0.4642,0.1762,0.2293,0.01551,,,0.03413,,0.3212,,3.0601,0.6722,0.0606,,0.560653,0.131,,,,,,0.5807,,0.1595,,0.3189,0.03632,0.1702,,1.0341,14.3215,,1.2433,,0.7498,,2.8726,10.9032,,,0.001778,0.05519,1.428,0.87147,,,,,0.645,0.005641,,,10.3868,0.0242,1626.1219,0.033416,,,0.32275,0.6479,0.03139,,0.0248,,,,0.5037,0.01203,,,0.09799,,,,1.88935,,,,2.0851,,0.0191,,,27.2797,,,,0.45368,,,,,,,0.004348,,0.00024154,,,3.43,,42.5575,0.005659,,,0.5,55.03,,,,8117.12,,,,,1573.13,,3.0762,0.2727,50.19,0.77,,,,,,0.011617,,,,,1.54574,0.3503,,,,0.005047,,,0.4833,2.099,,,,,0.23923,,1.0038,,,,,0.02481,0.02909,0.017848,0.2605,,,,7.9324,,0.04198,1.24432e-05,,,,5.427,1.599,,,0.5379,0.2546,,0.402,0.03098,,1.1658,0.0398,3.83e-05,,0.12897,26.0826,,,0.338,,1.1485,20491.17,,,,0.9793,0.407,0.009051,5.9031,,,,,,0.2989,0.057211,,,,4.0156,,,,,,,,1.0001,8.154e-07,,0.05955,,0.03893,,6.62,20474.23,,0.002029,,,,,0.0264,,0.9953,,166.7,0.1112,0.003343,3.9361,0.7508,2.4409,,,,,0.06284,13.5047,899.4,,0.02569,,0.0985,,,,0.05144,,,,,18.518,0.001731,0.04176,,,19.2782,1.639,,,,,,1.0586,0.6883,0.004514,0.05039,1.0756e-05,32.56,115.2,0.11846,,0.014828,0.1883,,0.476,,,,,,0.00086522,,,0.7052,,0.12856,0.00027258,,,,,,,,,0.003327,6.622,,0.12686,0.996,4.7331,,,,,,,,,,,,0.0702,0.2967,,,,,0.000309,,,,,,7.0199,0.6115,4.7264,,0.0812,,,34.8,,0.4764,0.2211,0.2336,3.1046,,0.003555,,0.008851,2.4341,,,,,,,1.657,,0.9118,,,,0.027784,,,,0.12001,,,0.0842,0.885,,,0.4922,,0.0251,0.03345,,,0.5434,,9.23,2.2308,0.008972,0.03806,7.86,0.17626,0.259,0.0092,,,,0.9025,1.5295,0.5958,,,,,58.3
2022-11-01,,,0.005409,,0.004192,1.2879,,4.789e-07,65.4,,4.1,,,,,0.9994,,0.05753,,,,,,0.12634,,2.0914,5.86,,1.8e-07,,0.007506,20.32,,0.2541,0.00673,,,0.7721,1200.0,0.405,,,,0.00267,1.14,300.2942,0.02283,0.03384,,,0.24795,,,,,,,,,,0.003265,,0.0257,,,0.02278,0.9643,,0.033828,,0.02128,0.05459,0.002423,,,,14.148,0.044,,,,,0.0731,0.002257,1.7302,15.121,,,0.002613,,0.4077,0.1026,0.1494,0.00741,,,0.01164,,0.241,,3.2331,0.4126,0.04811,,0.337413,0.13079,,,,,,0.4649,,0.1145,,0.25452,0.02004,0.1666,,1.0033,10.5014,,0.4181,,0.6138,,2.231,8.4195,,,0.003167,0.0377,1.02,0.59026,,,,,0.416,0.005008,,,9.8316,0.0219,1765.9999,0.033181,,,0.24558,0.4809,0.02205,,0.0221,,,,0.4302,0.009569,,,0.06661,,,,1.88518,,,,1.7467,,0.0146,,,20.5827,,,,0.31254,,,,,,,0.003223,,0.00016473,,,2.37,,49.4508,0.002833,,,0.3214,79.18,,,,6756.54,,,,,1295.28,,2.1262,0.1539,38.53,0.2768,,,,,,0.00675,,,,,1.13239,0.1713,,,,0.004021,,,0.3265,0.903,,,,,0.24536,,0.6431,,,,,0.01366,0.0224,0.01316,0.3622,,,,4.772,,0.02592,9.3298e-06,,,,4.419,1.467,,,0.5284,0.1988,,0.3161,0.02293,,0.9607,0.03455,2.947e-05,2.3627,0.1043,1.3367,,,0.2912,,0.9499,17163.07,,,,0.5205,0.319,0.004389,4.1783,,,,,,0.2042,0.041854,,,,2.4371,,,,,,,,1.0,7.175e-07,,0.05077,,0.03305,,3.34,17120.53,,0.001671,,,,,0.01859,0.02602,0.9855,,123.7,0.08982,0.00262,3.177,0.6156,1.6177,,,,,0.03254,10.1147,662.5,,0.012728,,0.0669,,,,0.04706,,,,,25.9828,0.001229,0.03057,,,13.1592,1.768,,,,,,0.8591,0.584,0.003957,0.04949,1.138e-05,14.16,113.3,0.0766,,0.010446,0.1082,,0.3918,,,,,,0.00063255,,,0.4053,,0.12471,0.00021833,,,,3.9283,,,,,0.002635,5.469,,0.10685,0.9859,4.0913,,,,,,,,0.9547,,,,0.06225,0.2378,,,,,0.000211,,,,0.006262,,5.5153,0.53,3.9639,,0.05499,,,29.9,,0.3614,0.1658,0.20311,1.7249,,0.002395,,0.004822,1.7593,,,,,,,1.262,,0.8083,,,,0.023437,,,,0.1122,,,0.0646,0.6717,,,0.4061,,0.01825,0.01658,,,0.3913,,7.02,1.6964,0.007689,0.03405,7.66,0.20976,0.19064,0.00625,,,,0.9332,1.135,0.47068,,,0.5509,,43.73
2022-12-01,,,0.005133,,0.002941,1.2722,,4.339e-07,51.9,,3.94,,,,,1.0006,,0.04134,,,,,,0.11974,,1.4132,5.17,,4.797e-07,,0.007047,15.68,,0.188,0.00575,,,0.616,1198.49,0.2917,,,,0.001026,0.66,246.2313,0.01534,0.0247,,,0.17223,,,,,,,,,,0.002561,,0.02955,,,0.02526,0.8685,,0.021176,,0.02003,0.05446,0.002238,,,2.184,10.753,0.021643,,,,,0.0417,0.001587,1.439,11.5922,,,0.001826,,0.3391,0.0884,0.1424,0.00785,,,0.00872,,0.1579,,3.7597,0.2969,0.03416,,0.464722,0.13031,,,,,,0.3877,,0.114,,0.2102,0.02094,0.1324,,0.9169,9.3484,,0.364,,0.476,0.4915,1.8381,6.149,,,0.001902,0.03542,0.718,0.38252,,,,,0.396,0.005384,,,6.1845,0.014,1810.526,0.027576,,,0.19807,0.4232,0.01853,,0.045,,,,0.3623,0.007785,,,0.05178,,,,2.36,,,,2.0,,0.01004,,,18.6397,,,,0.24182,,,,,,,0.003335,,0.00014569,,,1.31,,41.4418,0.002081,,,0.3836,70.12,,,,5084.29,,,,,1196.55,,2.0712,0.1418,31.22,0.1351,,,,,,0.007563,,,,,0.81573,0.1791,,,,0.004928,,,0.2694,0.516,,,,0.01552,0.19986,,0.653,,,,,0.01297,0.0199,0.010157,0.4052,,,,3.4474,,0.01664,8.0715e-06,,,,3.011,0.925,,,0.3635,0.1478,,0.2708,0.0158,,0.7228,0.02963,2.173e-05,0.9361,0.06154,0.8418,,,0.2742,,0.8621,16541.8,,,,0.4613,0.2459,0.001506,3.9996,,,,,,0.1638,0.0336,,,,1.5254,,,,,,,,1.0005,6.239e-07,,0.03643,,0.02859,,2.97,16496.74,,0.001422,,,,,0.01606,0.02032,0.9799,,105.7,0.07116,0.002069,2.6002,0.5299,1.2597,,,,,0.04764,9.2355,511.1,,0.006527,,0.071,,,,0.04084,,,,,28.552,0.000986,0.02681,,0.003733,10.9037,1.104,,,,,,0.8106,0.4393,0.003346,0.03623,8.2e-06,9.98,97.1,0.06775,,0.00893,0.097,,0.3537,,,,,,0.0005254,,,0.3603,,0.10513,0.00016495,,,,2.0782,,,,,0.002256,4.309,,0.07023,0.9941,3.6385,,,,,,,,0.8383,,1.198,,0.05775,0.1661,,,,,0.0002282,,,,0.006724,,5.445,0.3867,3.1766,,0.04236,,,23.4,,0.3405,0.1002,0.14081,1.2574,,0.002371,,0.004086,1.2961,,0.051625,,,,,1.029,,0.6033,,,,0.014325,,,,0.01125,,,0.05545,0.5245,,,0.2694,,0.0145,0.01968,,,0.2295,,6.04,1.488,0.007687,0.03073,5.57,0.14874,0.15199,0.00417,,,,0.7577,0.951,0.38283,,,0.2842,,32.81
2023-01-01,,,0.00593,,0.005119,1.7754,,4.645e-07,82.9955,,5.88,,,,,0.9991,,0.06663,,,,,,0.17953,,1.6608,6.5686,,1.1627e-06,,0.011995,21.68,,0.3486,0.00521,,,1.1574,1583.47,0.4182,,,,0.003974,1.0708,312.2646,0.02574,0.01668,39.1822,,0.24149,,,,,,,,,,0.003623,,0.01683,,,0.02847,1.1999,,0.030983,,0.02489,0.06224,0.003048,,,2.31,15.897,0.027175,,,,,0.0771,0.003474,2.3245,16.2679,,,0.001616,,0.4057,0.0853,0.1936,0.00785,,,0.018789,,0.2708,,1.3403,0.7493,0.05347,,0.614516,0.13026,,,,,,0.5548,,0.1316,,0.27366,0.0203,0.1415,,2.1665,13.3767,,0.8064,,0.7366,1.33,2.6959,8.3381,10.3023,,0.002188,0.04033,1.0592,0.72979,,,,,0.4149,0.00782,,,10.5785,0.0222,1902.5897,0.039116,,,0.27669,0.6111,0.02817,,0.06862,,,,0.6105,0.013762,,,0.13175,,,,4.26558,,,,3.3167,,0.02258,,,22.536,,,,0.45766,,,,,,,0.006159,,0.00017134,8.813e-07,,2.479,,59.7339,0.002576,,,0.3546,94.15,,,,7231.69,,,,,1585.59,,2.588,0.4649,52.03,0.3808,,,,,,0.007964,,,,,1.05345,0.152,,,,0.005678,,,0.4473,0.851,,,,0.016535,0.53685,,0.8212,,,59.461,,0.01773,0.02596,0.015276,0.218,,,,16.7419,,0.05417,1.18172e-05,,,,5.233,1.263,,,0.7047,0.2164,,0.405,0.02698,,1.0254,0.03679,3.606e-05,0.8911,0.0834,1.9029,,,0.3377,,1.0627,23127.02,,,,0.5883,0.3903,0.001441,4.2612,,,,,,0.2196,0.039602,,,,2.6587,,,,,,,,0.9999,7.12e-07,,0.06471,,0.0369,,3.7755,23052.28,,0.002127,,,,,0.04961,0.02956,0.9901,,142.3,0.09071,0.003043,2.9444,0.6632,2.0554,,,,,0.0944,10.1006,655.6,19.1554,0.00478,,0.08449,,,,0.04713,,,,,9.1938,0.0012702,0.03478,,0.0082,19.8071,3.225,,,,,,0.9189,0.8478,0.005081,0.04592,2.4057e-05,23.95,133.4,0.11118,,0.013871,0.09798,,0.4237,,,,,,0.00079457,,,0.8247,,0.18532,0.00021903,,,,4.34,,,,,0.003082,6.261,,0.09611,0.9952,5.8685,,,,,,,,0.8653,,2.9732,,0.06093,0.2531,,,,,0.0002968,,,,0.015262,,6.4099,0.5177,4.0332,,0.08356,,,35.3179,,0.4459,0.1334,0.20752,2.3271,,0.00345,,0.004961,3.1494,,0.081002,,,,,1.397,,0.753,,,,0.00976,,,,0.01438,,,0.08868,1.0185,0.04497,,1.134,,0.016842,0.02026,,,0.5512,,10.9048,2.0241,0.010456,0.04633,6.9544,0.21895,0.20566,0.006091,,,,1.1091,2.198,0.75532,,,0.4828,,42.85
2023-02-01,,,0.006691,,0.005686,1.57,,4.872e-07,77.5503,,5.7989,,,,,0.9996,,0.08248,,,,,,0.20764,,1.3176,6.5,,8.525e-07,,0.042981,20.73,,0.3462,0.006175,,,1.1716,1609.32,0.5029,,,,0.00306,1.1566,301.3351,0.03904,0.01026,46.7007,,0.24435,,,,,,,,,,0.005261,,0.06898,,,0.02708,1.0782,,0.093905,,0.02679,0.06905,0.001811,,,2.5063,15.199,0.02497,,,,,0.057045,0.003012,2.7754,16.8022,,,0.001657,,0.3761,0.09358,0.1885,0.008313,,,0.036309,,0.2667,,1.1548,0.6266,0.06359,,0.495571,0.13006,,,,,,0.7673,,0.1291,,0.88516,0.01922,0.1456,,2.7033,12.2653,,2.0845,,0.7469,1.5151,3.2112,9.6177,11.4785,,0.002661,0.03844,1.1377,0.68286,,,,,0.4198,0.007768,,0.2962,9.837,0.02232,1804.4604,0.040981,,,0.28184,0.57,0.02948,,0.08308,,,,1.022,0.033963,,,0.07388,,,,4.68922,,,,3.2574,,0.02135,,,23.4541,,,,0.46078,,,,,,,0.017799,,0.00016377,7.058e-07,,2.467,,71.7344,0.002564,,,0.26,93.73,,,,9091.66,,,,,1604.97,,2.7213,0.4341,48.79,0.311,,,,,,0.009137,,,,,1.12314,0.1711,,,,0.004447,,,0.3544,0.7171,,,,0.013545,0.42842,,0.6903,,,50.6878,,0.01858,0.02939,0.011257,0.1732,,0.0062896,,11.8859,,0.03947,1.20044e-05,,,,6.486,1.273,,0.77311,0.9025,0.2537,,0.4402,0.03117,,1.1267,0.03736,3.405e-05,0.4389,0.11004,1.433,,,0.5868,,1.1453,23139.62,,,,0.4684,0.3517,0.001534,4.6916,,,,,,0.2756,0.032087,,,,2.8192,,,,,,,,0.9998,7.269e-07,,0.06917,,0.0532,,3.6252,23087.88,,0.002015,,,,,0.03822,0.02593,0.9946,,125.8,0.08709,0.003209,2.807,0.7325,1.7058,,3.078,,,0.20844,11.7817,790.3,42.0448,0.006355,,0.08982,,,,0.04819,,,,,8.9909,0.002625,0.02795,,0.010059,17.0682,2.918,,,,,,1.3984,0.9327,0.005018,0.05409,4.6374e-05,21.88,131.9,0.12723,,0.01257,0.07,,0.4569,,,,,,0.0008104,,,0.803,0.08151,0.16059,0.00021718,,,0.3312,3.7907,7.8974,,,,0.004455,6.339,,0.08082,0.9971,5.0075,,,,,,,,0.906,,2.2899,,0.06137,0.2888,,,,,0.0006298,,,,0.022644,331.54,6.0838,0.5699,3.923,,0.06968,,,36.0633,,0.4231,0.131,0.24733,2.2293,,0.003295,,0.003947,3.5096,,0.099277,,,,,1.674,0.022004,0.8267,,,,0.01194,,,,0.003468,,,0.15248,0.9922,0.03842,,1.2411,,0.012299,0.01883,,,0.3657,,9.5959,2.1636,0.010989,0.03841,7.1862,0.14447,0.2781,0.007199,,,,1.1949,3.0042,1.05707,,,0.6618,,48.07
2023-03-01,,,0.006421,,0.005235,1.4914,,3.82e-07,74.1172,0.07754,5.1914,,,,,0.999,,0.06985,,,,,,0.21516,,1.1899,6.0588,,1.054e-06,,0.03631,20.73,,0.3604,0.00696,,,1.4455,1817.87,0.4155,,,,0.0031,1.0012,317.0343,0.03487,0.001586,43.8975,,0.22608,,,,,,,,,,0.003471,,0.04139,,,0.04297,1.0056,,0.061379,1.39,0.02165,0.06556,0.001173,,,2.254,13.471,0.013647,,,,,0.048296,0.002503,2.5586,15.2887,,,0.005179,,0.5376,0.08336,0.1559,0.007927,,,0.01483,,0.2954,1.606,0.6956,0.5885,0.06082,,0.349686,0.13,,,,,,0.6254,,0.1001,,0.93059,0.02113,0.1287,,2.2881,11.187,,1.3993,,0.6877,1.4061,3.1067,8.4205,8.9441,,0.002719,0.04146,1.12,0.62761,,,,,0.3992,0.00697,,0.3718,8.7335,0.02068,1974.1179,0.05443,,,0.22735,0.545,0.02588,,0.08494,,,,0.7377,0.03534,,,0.08029,,,,4.21542,,0.11213,,3.1967,,0.02113,,,20.3951,,,,0.40628,,0.006212,,,1.7876,,0.028774,,0.00012474,6.39e-07,,2.1147,,76.0513,0.001304,,,0.2585,89.55,,,,8797.33,,,,,1821.92,,2.43,0.4122,43.15,0.2164,,,,,,0.010797,,,,,1.11765,0.1613,,,,0.004181,,,0.3154,0.5435,,,,0.011453,0.47582,,0.7179,,,39.4772,,0.01638,0.02708,0.01003,0.1415,,0.0081894,,11.3833,,0.0414,1.08321e-05,,,,5.687,1.104,,0.66919,0.842,0.2958,,0.3838,0.02925,0.47992,1.0432,0.0326,3.115e-05,0.2641,0.11027,1.3379,,,0.4155,,1.1953,28466.64,,,,0.3617,0.3988,0.002081,4.5416,,,,,,0.2294,0.023834,,,,1.3624,,,,,,,,0.9997,6.361e-07,,0.07317,,0.03984,,3.3911,28393.45,,0.002153,,,,,0.04219,0.02297,0.9877,,125.2,0.1122,0.002692,2.6034,0.6084,1.2857,,1.7286,,,0.07706,10.9636,688.8,37.9757,0.005634,,0.09229,,,,0.04716,2.671,,,,4.1035,0.0019369,0.02614,,0.004687,17.703,2.511,,,,0.03315,,1.971,0.7764,0.004499,0.04329,3.3638e-05,21.16,123.9,0.09436,,0.008445,0.07055,,0.5635,,,,,,0.00081452,,1.459,1.1637,0.06439,0.18383,0.00019243,,,0.2978,6.4415,7.6027,,,,0.003964,6.34,,0.07697,0.9965,4.181,,,,,,,,0.8746,,1.8131,,0.05029,0.2679,,,,,0.00059,,,,0.027059,287.53,5.4199,0.5617,3.7028,,0.04524,,,34.8806,,0.3829,0.1203,0.22702,1.9901,,0.002625,,0.00332,4.7205,,0.085901,,,,,1.582,0.01622,0.6782,,,,0.007633,,,,0.0101,,,0.14549,0.9358,0.03558,,1.1847,,0.01195,0.01095,,,0.3933,,8.3879,2.078,0.009612,0.03411,7.59,0.15293,0.22705,0.006575,,,,1.1181,2.4538,1.13884,,,0.5936,,42.4
2023-04-01,,,0.005738,,0.006628,1.3725,,3.662e-07,70.2316,0.05668,6.4034,,,,,0.9991,,0.06746,,,,,,0.26114,,1.1825,5.4432,,5.429e-07,,0.027258,19.39,,0.3389,0.008305,,,1.3782,1868.0,0.3925,,,,0.001775,0.89,337.2646,0.03088,0.001561,46.6263,,0.1801,,,,,,,,,,0.002779,,0.04448,,,0.04012,0.9135,,0.049143,1.368,0.02049,0.06714,0.001087,,,2.1371,12.013,0.008321,,,,,0.039807,0.006016,2.425,14.3248,,,0.005964,,0.4704,0.09126,0.1303,0.008374,,,0.014443,,0.2375,1.677,0.5773,0.5429,0.06064,,0.325947,0.13002,,,,,,0.7307,,0.0865,,0.7166,0.01907,0.2799,,2.1678,11.5154,,1.2599,,0.596,1.1566,2.835,7.5523,7.65,,0.00215,0.03105,0.9996,0.57607,,,,,0.3537,0.00595,,0.391,7.5747,0.0189,2003.5942,0.035331,,,0.22142,0.4737,0.0238,,0.07474,,,,0.7646,0.031222,,,0.07329,,,,4.15491,,0.16572,,2.1584,,0.0195,,,18.3028,,,,0.38589,,0.006026,,,1.1821,,0.033815,,0.00010962,6.908e-07,,1.8858,,71.5399,0.001575,,,0.2322,88.26,,,,8168.76,,,,,1870.22,,2.8248,0.3446,41.49,0.1134,,,,,,0.011097,,,0.5233,,1.44394,0.1345,,,,0.004034,,,0.3937,0.5266,,,,0.008312,0.42235,,0.7096,,,31.8019,,0.0135,0.02552,0.00837,0.1183,,0.0049997,,10.3017,,0.03815,1.00699e-05,,,,5.418,1.016,,0.71069,0.6899,0.2566,,0.3649,0.02811,0.63706,0.9896,0.02941,2.974e-05,0.2293,0.09202,1.4971,,,0.4877,,1.022,29233.2,,,,0.2912,0.3956,0.001827,6.7354,,,0.266065,,,0.2136,0.014832,,,,1.7741,,,,,,,,0.9994,6.462e-07,,0.06356,,0.03624,,2.8824,29103.09,,0.001861,,,,,0.03154,0.02139,0.9882,,115.6,0.09437,0.00254,3.2429,0.6203,1.2448,,1.5129,,,0.07123,9.7,695.1,26.0762,0.004034,,0.20054,,,,0.03971,1.398,,,,3.7057,0.00166,0.02393,,0.003776,17.1,2.596,0.02321,,,0.01929,,2.3662,0.659,0.003963,0.03687,3.4084e-05,22.73,117.6,0.06809,,0.010408,0.05253,,0.4684,,,,,,0.00067917,,1.596,1.2303,0.04161,0.14415,0.00018795,,,0.2912,4.567,5.9052,,,,0.004021,5.876,,0.07948,0.9945,3.8784,,,,,,,,0.8569,,1.8884,,0.03602,0.2456,0.004088,,,,0.0004175,,,,0.007346,190.15,5.3982,0.4715,2.6809,,0.0301,,,31.0029,,0.3444,0.1264,0.29163,1.9302,,0.00227,,0.002909,7.7507,,0.089622,,,,,1.046,0.012873,0.6192,,,,0.025111,,,,0.00562,0.18906,,0.13533,0.9074,0.03093,,1.0739,,0.013139,0.00988,,,0.3274,,7.927,1.9116,0.00925,0.03101,7.0179,0.12142,0.22343,0.005359,,,,0.9798,2.024,0.98842,,,0.5907,,41.59
2023-05-01,,,0.005712,,0.004566,1.1242,,3.587e-07,63.8284,0.06186,4.6801,,,,,0.9995,,0.0528,,,,,,0.22226,,1.0792,5.0233,,5.305e-07,,0.017594,18.01,,0.2784,0.00571,0.01667,,1.3145,1874.51,0.3299,,0.01471,,0.000675,0.7224,306.7998,0.02549,0.001353,48.6776,,0.14774,,,,,1.2632e-06,,,,,0.002307,,0.0278,,,0.03729,0.7457,,0.033222,1.161,0.01352,0.07524,0.001117,,,1.8386,9.995,0.005045,,,,,0.047013,0.003852,2.3262,12.5741,,,0.002435,,0.5167,0.07148,0.0842,0.004222,,,0.007121,,0.1879,0.994,0.5799,0.4631,0.0521,,0.30858,0.16328,0.00115,,,,0.205,0.7952,,0.0484,,0.60004,0.02301,0.1502,,1.3844,10.46,,0.7885,,0.5042,0.9536,2.6213,6.2881,6.534,,0.001628,0.02249,0.9053,0.53202,,,,,0.3359,0.00424,,0.3024,6.5773,0.01441,1974.4525,0.031953,,,0.15839,0.3533,0.02065,,0.05477,,,,0.6675,0.028918,,,0.05844,,,,2.36779,,0.25715,,1.3545,,0.01436,,,15.8893,,,,0.32475,,0.004931,,,0.783,0.003472,0.037253,,8.458e-05,5.064e-07,,1.7231,,53.9177,0.00118,,,0.1178,90.44,,,,6495.05,,,,,1873.53,,2.773,0.252,35.88,0.0717,,,,,,0.009023,,,0.4357,,0.95088,0.1311,,,,0.004002,,,0.3332,0.3578,,,,0.004475,0.31269,,0.6772,,,22.9452,,0.00987,0.02262,0.006512,0.0814,,0.0036544,,8.3536,,0.02945,8.5888e-06,,,,4.692,0.839,,0.47734,0.5748,0.225,,0.282,0.02286,0.46236,0.8354,0.02299,2.451e-05,0.2267,0.07253,0.9485,,,0.444,,0.8908,27211.51,,,,0.2112,0.3744,0.001973,5.02,,,0.124577,,,0.1631,0.014161,,,,1.3872,2.244e-05,,,,4.228,,,0.9997,5.932e-07,,0.0513,,0.03281,,1.931,27323.97,0.002402,0.001578,,,,,0.0252,0.01721,0.9987,,116.6,0.09258,0.002139,2.3432,0.5242,0.8323,,0.9592,,,0.03136,8.0697,634.1,23.4835,0.003453,,0.19953,,,,0.02657,1.054,,,,4.386,0.0009797,0.01526,,0.002884,14.1064,2.038,0.01502,,,0.011862,,3.139,0.5393,0.003339,0.02215,3.1383e-05,20.82,113.2,0.04544,,0.009602,0.02128,,0.4118,,,,,,0.00059292,,1.266,0.9808,0.04289,0.10588,0.00014255,,,0.2397,4.3897,4.939,,,,0.003149,5.315,,0.07165,0.9934,3.1487,,,,,,,,0.3604,,1.3861,,0.03257,0.2131,0.003159,0.9743,,,0.000288,,,,0.003513,146.55,3.9797,0.3805,1.6365,,0.042,,,26.4737,,0.2779,0.0989,0.23956,1.5638,,0.001868,,0.003369,7.2578,,0.072135,,,,,0.749,0.015271,0.393,,,,0.022489,,,,0.003377,0.13497,0.1531,0.13311,0.8179,0.02329,,0.9958,,0.013182,0.00924,,,0.2564,,6.867,1.927,0.007604,0.02884,6.4784,0.10509,0.18538,0.002545,,,,0.8922,2.0895,0.72715,,,0.4471,,36.83
2023-06-01,,,0.005536,,0.004178,1.0518,,3.434e-07,70.5877,0.06404,4.0967,,,,,1.0004,,0.04701,,,,,,0.23197,,0.8847,5.2739,,5.467e-07,,0.016916,20.93,,0.2319,0.005107,0.01003,,1.4101,1929.72,0.2392,,0.01706,,0.000245,0.5444,240.4084,0.02296,0.001641,38.6172,,0.12174,,,,,1.6206e-06,,,,,0.001901,,0.02634,,,0.03205,0.606,,0.044206,1.163,0.01225,0.0762,0.00119,,,1.3619,9.266,0.00354,,,,,0.03938,0.003292,2.294,17.3021,,,0.004232,,0.4729,0.05635,0.0585,0.002626,,,0.004952,,0.1538,0.88,0.4706,0.3848,0.04936,,0.231167,0.1097,0.0006967,,,,0.14019,0.6588,,0.051,,0.69094,0.01933,0.1385,,1.3315,9.2916,,0.6315,,0.4557,0.8721,2.6813,5.6747,5.8569,,0.001398,0.0253,0.809,0.41832,,,,,0.2908,0.003164,,0.2932,5.5062,0.0131,1906.3262,0.033954,,,0.14145,0.3597,0.02004,,0.04332,,,,0.5735,0.02008,,,0.05007,,,,1.73154,,0.19073,,1.15,,0.01278,,,15.8664,,,,0.29701,,0.005373,,,0.708,0.003033,0.051652,,8.733e-05,3.642e-07,,1.975,,55.8147,0.000832,,,0.1209,108.68,,,,6645.48,,,,,1933.79,,1.5314,0.2458,55.9,0.1412,,0.309,,,,0.006724,,,0.3885,,0.77546,0.1,,,,0.003908,,,0.2096,0.315,,,,0.005361,0.30462,,0.6458,,,17.614,,0.00832,0.02235,0.005737,0.0839,,0.0033969,,7.2404,,0.02459,7.5574e-06,,,2.4709,3.948,0.69,,0.34573,0.5394,0.2125,,0.2419,0.02102,0.27772,0.7292,0.03724,4.054e-05,0.1151,0.06366,1.9216,,,0.5864,,0.7512,30477.09,,,,0.1567,0.2869,0.002406,3.0096,,,0.080682,,,0.1331,0.019446,,,,1.3848,1.413e-05,,,,4.404,,,1.0002,4.796e-07,,0.05081,,0.02899,,2.2288,30375.33,0.001449,0.001371,,,,,0.02248,0.01339,0.9955,,108.0,0.11067,0.001699,2.2151,0.4769,0.6285,,0.8637,,,0.0474,8.6901,831.9,18.7045,0.001858,,0.16481,,,,0.02024,1.075,,,,2.9871,0.0009995,0.01561,,0.00167,13.0333,2.066,0.01355,,,0.005286,,2.6953,0.4866,0.003067,0.01487,2.8484e-05,18.86,304.4,0.03788,,0.009225,0.01326,,0.389,,,,,,0.00047735,,1.684,1.1745,0.03875,0.10771,0.00011454,,,0.174,3.4379,4.2378,,,,0.003214,5.18,,0.06647,0.9974,2.2245,,,,,,,,0.363,,1.1402,,0.03203,0.1993,0.002978,0.6888,0.5856,,0.0002299,,,,0.003535,118.82,3.3088,0.3171,1.5629,,0.07587,,,25.26,,0.2585,0.0755,0.21074,1.3863,,0.001764,,0.002682,8.024,,0.064157,,,,,0.657,0.013308,0.3228,,,,0.020364,,,,0.0032,0.06038,0.0765,0.10521,0.7605,0.01469,,0.8352,,0.012214,0.00708,,,0.2207,,5.9487,1.6162,0.0073,0.02968,6.3051,0.07751,0.16437,0.001402,,,,0.6615,2.0503,0.74287,,,0.3777,,34.9
2023-07-01,,,0.005606,,0.003895,0.9564,,3.225e-07,65.3774,0.07247,4.2135,,,,,0.9995,,0.05183,,,,,,0.19992,,0.9011,6.5279,,4.385e-07,,0.0166,18.48,,0.2164,0.004671,0.009795,,1.2354,1854.64,0.2193,,0.02763,,0.0001351,0.5798,240.9913,0.02551,0.001071,29.1494,,0.1098,,,,,1.2378e-06,,,,,0.001592,,0.01494,,,0.05972,0.5545,,0.029515,1.169,0.01483,0.07792,0.001087,,,1.1966,9.548,0.002993,,,,,0.01406,0.00272,2.566,24.4417,,,0.004124,,0.6976,0.04686,0.0551,0.002164,,,0.006696,,0.1333,1.078,0.5357,0.3822,0.04779,,0.192061,0.08592,0.0009283,,0.0601,0.0711,0.13408,0.6725,,0.0669,,0.58812,0.01644,0.134,,1.6143,8.8605,,0.6143,,0.5222,0.7442,2.5856,4.902,5.5719,,0.001387,0.0251,0.8261,0.42316,,,,,0.2682,0.00262,,0.2963,5.4589,0.01297,1954.4224,0.027762,,,0.1593,0.3148,0.01829,,0.02252,0.2003,,,0.5833,0.018346,,,0.06977,,,,2.30289,0.11825,0.09221,,1.6608,,0.01166,,,14.6878,,,,0.29778,,0.004189,,,1.2968,0.002574,0.045257,,8.043e-05,3.268e-07,,1.9235,,54.322,0.000843,,,0.1311,92.32,,,,6720.0,,,,,1856.31,0.07043,2.1,0.1982,66.3,0.0862,,0.1144,,,,0.007317,,,0.3986,,0.77302,0.151,,,,0.003808,,,0.215,0.2821,,,,0.003396,0.23501,,0.6584,,,17.875,,0.00904,0.02419,0.005964,0.0708,,0.0021431,,7.0354,6.595e-05,0.02297,8.4633e-06,0.5185,,1.1656,4.254,0.685,,0.30206,0.4902,0.2157,,0.2211,0.02084,0.2491,0.7853,0.03766,3.09e-05,0.1274,0.0592,1.3415,,,0.6494,,0.7459,29234.04,,,,0.1783,0.3072,0.001688,3.4196,,,0.055452,,,0.1379,0.019995,,,,1.7431,6.77e-06,,,,3.089,,,1.0001,4.631e-07,,0.0523,,0.02972,,1.7526,29165.28,0.001663,0.001267,,,,,0.02446,0.01269,0.9979,,109.5,0.15007,0.001583,2.42,0.5799,0.5813,,0.8181,,,0.03311,9.0257,1225.6,18.1569,0.001449,,0.18592,,,,0.00699,0.902,,,,3.3662,0.0009871,0.01497,,0.001123,12.8023,2.123,0.01003,,,0.003342,,2.7306,0.4418,0.002833,0.0103,2.2095e-05,23.73,247.9,0.03649,,0.008697,0.00889,,0.3725,,,,,,0.00046963,,2.126,1.0501,0.02986,0.1049,0.00011072,,,0.1712,3.4968,4.3239,,,,0.003451,5.109,,0.07787,0.997,1.8566,,,,,,,,0.3469,,0.9355,,0.02559,0.2049,0.003537,0.6317,0.5268,0.5099,0.0002018,,,,0.005598,92.48,3.8293,0.3143,1.5496,0.729,0.05183,,,22.8558,,0.2298,0.0774,0.22002,1.3708,,0.001763,,0.001801,7.858,,0.052717,,,,,0.587,0.012343,0.325,,,,0.015249,,,,0.002556,0.04747,0.0623,0.1103,0.5684,0.01451,,0.7825,,0.0142,0.00736,2.3176,,0.2112,,6.0016,1.6043,0.008176,0.02915,7.5478,0.04045,0.15984,0.002287,,,,0.6876,1.845,0.76605,,,0.3435,,32.01
2023-08-01,,,0.005278,,0.003615,1.5533,,3.128e-07,55.5152,0.05238,3.3374,,,,,1.0001,,0.03881,,,,,,0.16823,,0.8312,4.3716,,2.5e-07,,0.012327,15.52,,0.1793,0.004376,0.005012,,0.7816,1645.32,0.1457,,0.01608,,9.64e-05,0.4369,216.6881,0.01851,0.00088,22.5507,,0.09318,,,,,8.035e-07,,,,,0.001136,,0.01311,,,0.05876,0.4566,,0.027305,0.916,0.01205,0.07673,0.000744,,,1.7473,7.84,0.003427,,,,,0.013779,0.002434,1.9368,12.32,0.0056,,0.002661,,0.5109,0.04977,0.0619,0.002082,,,0.004975,,0.1312,1.083,0.6098,0.2943,0.03963,,0.148903,0.07522,0.001,,0.01976,0.02906,0.14612,0.5118,,0.0412,,0.4896,0.01043,0.1244,,1.3922,6.9238,,0.5696,,0.436,0.4966,2.1683,4.1464,5.6139,,0.000999,0.01924,0.6854,0.30991,,,,,0.1984,0.002056,,0.2306,4.1272,0.01004,1919.6296,0.025521,,,0.16942,0.2856,0.01489,,0.01851,0.1153,,,0.525,0.013431,,,0.0488,,,,2.21924,0.0871,0.05041,,1.412,,0.00974,,,13.1884,,,,0.23399,,0.004126,,,1.2951,0.002799,0.023593,,6.185e-05,2.43e-07,,1.5001,,34.9637,0.000808,,0.04922,0.0989,63.9,,,,5529.8,,,,,1645.9,0.05673,1.8289,0.1661,41.15,0.0364,,0.0782,,,,0.008712,,,0.3417,,0.60514,0.0923,,,,0.003014,,,0.1635,0.2369,,,,0.00375,0.2003,,0.5876,,0.0415,13.55,,0.01184,0.02019,0.008031,0.0742,,0.0018669,,5.5084,4.421e-05,0.01881,7.9871e-06,0.4479,,1.0538,3.215,0.592,,0.2061,0.4229,0.1653,,0.2048,0.01617,0.18877,0.6182,0.02848,2.365e-05,0.1065,0.04614,1.0171,8.563,,0.4841,,0.5872,25938.0,,,,0.1273,0.2553,0.00136,3.0516,,,0.056028,,,0.1211,0.032468,,,,1.5943,6.08e-06,,,,3.36,,,1.0003,4.062e-07,,0.05237,,0.02413,,1.3563,25907.42,0.001333,0.001043,,,,,0.01742,0.00943,0.9971,,99.4,0.1149,0.001414,2.1097,0.4945,0.4029,,0.664,,,0.02587,7.5625,1155.1,14.3944,0.001382,,0.15286,0.251,,,0.008807,0.767,,,,4.5647,0.000919,0.01503,,0.000469,9.9797,2.215,0.00979,,,0.002349,,2.7457,0.3763,0.002525,0.01007,1.7461e-05,19.73,207.5,0.02811,,0.007599,0.00618,,0.4175,,,,,0.1321,0.00038892,,3.101,0.7524,0.02251,0.09509,9.599e-05,,,0.1074,2.5911,3.3977,,,,0.002759,4.27,,0.06376,0.9975,1.4285,,0.011363,,,,,,0.278,,0.7455,,0.02759,0.1694,0.00284,0.5005,0.5467,0.4082,0.0001912,,,,0.003893,77.31,3.2417,0.2451,1.2434,0.6317,0.07351,0.6563,,18.9035,,0.1902,0.0604,0.16399,1.154,,0.001408,,0.001243,6.9799,,0.048326,,,,,0.476,0.012799,0.2613,,,,0.012723,,,,0.002034,0.04109,0.0845,0.08862,0.4529,0.01322,,0.6562,,0.0151,0.00601,1.136,,0.1582,,4.6645,1.3297,0.006695,0.02369,5.8743,0.03407,0.13492,0.00344,,,,0.5493,1.5619,0.5605,3.7812,,0.3163,,26.22
2023-09-01,,,0.005592,,0.003495,1.9273,,3.291e-07,67.5632,0.04543,3.162,0.04899,,,,0.9996,,0.04601,,,,,,0.17381,0.53888,0.7814,4.4568,,2.973e-07,,0.01425,16.34,,0.1803,0.003046,0.002725,,0.8136,1670.9,0.1597,,0.01662,,7.77e-05,0.4584,214.6296,0.01987,0.000824,21.9489,,0.10324,,,,,7.989e-07,,,0.03954,,0.0009,,0.00928,,,0.05308,0.4778,0.9998,0.023966,0.907,0.01278,0.08858,0.000681,,,2.1071,8.026,0.004236,,,,,0.013512,0.001795,2.082,12.8766,0.00516,,0.00261,,0.5149,0.04758,0.0509,0.002154,,,0.004306,,0.1514,1.031,0.5834,0.309,0.04197,,0.138055,0.0782,0.0009382,,0.01947,0.01635,0.13716,0.6691,,0.0489,,0.48016,0.01053,0.112,,1.3459,7.237,,1.0501,,0.4513,0.5382,2.2318,4.1053,5.5366,,0.000977,0.01717,0.6808,0.31065,,,,,0.2434,0.002498,,0.2324,4.2364,0.00938,1873.3069,0.021077,,,0.15789,0.2985,0.01532,,0.00619,0.1139,,,0.4636,0.015435,,,0.05027,,,,1.8788,0.0625,0.06667,,1.2382,,0.00972,,,13.761,,,,0.2247,,0.005017,,,0.8284,0.00235,0.037539,,6.283e-05,2.06e-07,,1.5697,,40.57,0.000738,,0.04426,0.1006,65.95,,,,5251.56,,,,,1670.85,0.08133,1.8499,0.1601,46.81,0.0335,,0.0643,,,,0.008642,,,0.3368,,0.60642,0.0902,,,,0.002876,,,0.1347,0.1837,,,,0.003644,0.1993,,0.5626,,0.03145,15.5681,,0.00722,0.02505,0.009153,0.066,,0.0018189,,5.4912,5.478e-05,0.01424,7.3343e-06,0.3994,,0.6324,3.355,0.6,,0.17803,0.6176,0.1909,,0.2497,0.01775,0.20133,0.6465,0.0263,2.459e-05,0.1458,0.04837,1.122,5.1946,,0.6005,,0.5822,26965.24,,,,0.1539,0.254,0.001318,2.8957,,,0.039478,,,0.11093,0.02685,,,,1.4645,4.2e-06,,,,3.079,,,0.9999,3.866e-07,,0.0498,,0.02619,,1.3392,26981.02,0.00089,0.001039,,,,,0.01846,0.01033,0.9956,,90.3,0.11222,0.00144,1.9556,0.4792,0.4806,,0.4127,,,0.0406,7.791,1529.1,16.2926,0.001234,,0.14621,0.1736,,,0.004626,0.604,,,,4.1622,0.0009773,0.014534,,0.000356,9.2376,1.972,0.00826,,,0.012002,,2.2382,0.3813,0.002673,0.007259,1.8557e-05,21.36,233.9,0.02434,0.00997,0.006877,0.00745,,0.4129,,,,,0.1199,0.00048986,,3.708,0.8327,0.022,0.08858,9.406e-05,,,0.0894,2.6988,3.5266,,,,0.003046,4.103,,0.06207,0.9999,1.2434,,0.004789,,,,,,0.2628,,0.8674,,0.02614,0.1799,0.003229,0.4696,0.5557,0.41543,0.0002019,,,,0.003619,73.28,2.9934,0.2699,1.1701,0.7199,0.05144,0.631,,19.1,,0.2338,0.0619,0.17778,1.1347,,0.001012,,0.001107,7.6614,,0.043141,,,,0.47,0.503,0.01223,0.244,,,,0.010432,0.00751,,,0.00173,0.02903,0.1011,0.08969,0.5186,0.01092,,0.5809,,0.003837,0.00613,1.6689,,0.1594,,4.5868,1.4041,0.006295,0.021,8.1901,0.03587,0.11525,0.00281,,,,0.5327,1.7098,0.58959,3.6463,,0.3334,,25.37
2023-10-01,,,0.006417,,0.00387,2.9368,,3.456e-07,81.4218,0.02466,3.9464,0.05033,,,,0.9995,,0.06248,,,,,,0.2137,0.52868,1.0663,4.1485,,2.174e-07,,0.014503,17.47,,0.1968,0.002863,0.004182,0.6349,1.0045,1813.45,0.1715,,0.01343,,7.53e-05,0.5234,226.2488,0.02283,0.0008097,23.4077,,0.10928,,,,,1.1459e-06,,,0.03433,,0.00113,,0.00936,,,0.0533,0.5032,0.9994,0.031087,0.946,0.01191,0.09715,0.000534,,,2.2239,7.743,0.005098,,,,,0.013844,0.001642,2.2623,15.45,0.00814,,0.004942,,0.5995,0.04567,0.065,0.002422,,0.001345,0.003878,,0.1809,1.098,0.4448,0.3639,0.05058,,0.158801,0.07621,0.0006119,,0.02105,0.00915,0.08293,0.6257,,0.0565,,0.62592,0.00913,0.1113,,1.3961,7.9337,0.01021,1.2226,,0.4839,0.5796,3.1626,4.2674,5.7827,,0.001561,0.01767,0.7579,0.34627,,,,,0.2655,0.002874,,0.2479,5.9263,0.01017,1966.2929,0.027946,,,0.22189,0.2788,0.01713,,0.00386,0.1283,,,0.4647,0.015948,,,0.04913,,,,1.82606,0.08555,0.06319,,1.2742,,0.01174,,,12.9871,,,,0.25341,,0.006221,,,0.7953,0.002582,0.030404,,6.396e-05,7.744e-07,,1.7764,,44.9159,0.000677,,0.04811,0.1066,68.92,,,,5676.72,,,,,1814.72,0.23667,1.9175,0.1973,45.85,0.0359,,0.069,,,,0.008502,,,0.3475,,0.80296,0.1126,,,0.0826,0.002615,,0.000728,0.1947,0.1573,,1.3699,,0.003268,0.24098,,0.6372,,0.02366,14.2,,0.00567,0.03128,0.00911,0.0724,0.3642,0.0020674,,7.0463,5.518e-05,0.01914,7.7813e-06,0.3797,,0.7558,3.824,0.772,,0.23614,0.5866,0.2813,,0.2324,0.01898,0.24795,0.7316,0.02579,2.806e-05,0.1653,0.04905,1.2219,7.1261,,0.8344,,0.638,34641.07,0.004538,,,0.2291,0.293,0.001246,2.7902,,,0.050833,,,0.12098,0.023942,,,,1.5063,6.73e-06,,,,2.034,,,0.9996,4.68e-07,,0.05254,,0.03171,,1.4166,34667.09,0.000881,0.001385,,,,,0.02267,0.01155,0.9975,,103.4,0.12121,0.002779,2.1001,0.4898,0.4558,,0.4155,,0.1944,0.03542,8.9317,1367.3,14.4034,0.001,,0.13217,0.1001,,,0.004304,0.596,,,,1.728,0.0011967,0.013804,,0.000379,11.3263,2.307,0.00816,,,0.005279,,2.7843,0.5901,0.002996,0.007213,3.2639e-05,38.4,245.0,0.02285,0.019976,0.0067,0.0065,,0.5321,,,,,0.1121,0.00049776,,2.896,1.4255,0.0244,0.08709,0.00021119,,,0.09324,2.9367,4.1211,,,,0.003655,4.451,,0.06825,0.9952,1.3278,,0.002549,,,,,,0.2669,,0.923,,0.02984,0.2074,0.003382,0.4429,0.2686,0.3703,0.0002212,,,,0.00302,103.35,2.9162,0.2937,1.235,0.917,0.04634,0.6805,,21.4182,,0.205,0.0665,0.22177,1.3313,,0.001254,,0.001207,14.14,,0.044523,,,,0.2202,0.562,0.01025,0.2866,,,,0.012323,0.004847,,,0.001402,0.01425,0.0861,0.10412,0.4798,0.01045,,0.6688,,0.003951,0.00574,2.0324,,0.1851,2.2814,5.4616,1.4675,0.007066,0.02791,11.3526,0.03449,0.13332,0.002755,,,,0.6362,1.8269,0.65831,5.0963,,0.2631,,30.04
2023-11-01,,,0.006013,,0.00493,6.4593,,3.225e-07,98.283,0.03252,4.5636,0.12846,,,,0.9998,,0.06211,,,,,0.045967,0.21388,0.4488,1.1113,5.9589,,2.945e-07,,0.021401,18.65,,0.2161,0.004278,0.003929,0.7601,1.2929,2050.97,0.2303,,0.0113,0.20149,0.0003383,0.6521,227.5673,0.02583,0.0034991,27.0125,,0.13367,,,,0.4466,1.0855e-06,,,0.15467,,0.00259,,0.01207,,,0.04862,0.5997,0.9988,0.02399,1.007,0.05192,0.10348,0.000862,,0.02713,2.4127,8.428,0.007161,,,,,0.047253,0.002145,3.3071,15.2751,0.00846,,0.006045,,0.6063,0.03018,0.1134,0.003743,,0.001335,0.00491,,0.1889,0.966,0.3016,0.432,0.08732,,0.211566,0.08296,0.0016113,,0.02653,0.00841,0.09097,0.6552,,0.0631,,0.69156,0.00865,0.1427,,1.6717,9.2462,0.01964,2.2477,,0.5331,0.7806,3.0151,6.6396,7.1369,,0.002451,0.02594,0.8331,0.40834,,,,,0.2787,0.008825,,0.2489,7.8569,0.01398,2018.0614,0.029854,,,0.33197,0.2485,0.01869,,0.0043,0.1592,,,0.5538,0.01989,,,0.04912,,,,1.80405,0.42192,0.10911,,1.5022,,0.01327,,,14.3618,,,,0.30396,,0.007412,,,1.0813,0.002838,0.030439,,0.00011749,3.88e-06,,2.0726,,48.9032,0.0011,,0.05043,0.1054,69.41,,,,8245.24,0.03857,,,,2051.9,0.50603,2.1517,0.5211,50.59,0.0469,,0.0682,,,,0.008629,,,0.7646,,2.21072,0.1272,,,0.07108,0.003005,0.26695,0.000608,0.3154,0.5606,,1.185,,0.003962,0.30358,,0.7556,,0.04209,22.9377,,0.00742,0.03091,0.011108,0.0727,0.5283,0.0023525,,6.9783,9.213e-05,0.02518,8.2969e-06,0.5399,,0.7581,4.383,1.277,,0.49255,0.636,0.3831,,0.2667,0.02185,0.2847,1.012,0.02838,2.861e-05,0.1649,0.05878,4.1015,6.1473,,0.8259,,0.6791,37725.18,0.009577,,,0.2427,0.376,0.003001,2.8919,4.759,,0.12756,,,0.14814,0.025731,,,,2.978,6.01e-06,,,,2.341,,,0.9998,4.615e-07,,0.0603,0.9981,0.03563,,2.7122,37659.98,0.001474,0.001529,0.38339,,,,0.02464,0.0123,0.9972,,100.0,0.11834,0.0024,2.4746,0.5398,0.7339,,0.492,,0.1363,0.03747,10.0141,1527.3,23.6109,0.00225,,0.271,0.382,,,0.007265,0.619,,,,1.3511,0.006874,0.016308,,0.000583,21.394,3.246,0.00825,,,0.012048,,2.9499,0.7129,0.00285,0.015841,3.2145e-05,59.29,221.5,0.03478,0.021544,0.006722,0.00854,,0.7582,,,,,0.2391,0.0005683,,8.361,1.7609,0.02097,0.12467,0.000176,,,0.11411,3.4341,3.5201,,,,0.004824,5.473,,0.08344,1.0027,1.5733,,0.005776,,,,,,0.1859,,1.0848,,0.09775,0.2231,0.003976,0.5973,0.3464,0.44246,0.0003832,,,,0.004875,71.67,3.1403,0.3416,2.2807,1.0506,0.09886,0.7654,0.02787,25.8413,,0.2724,0.073,0.25213,1.8803,,0.001279,,0.001497,18.4514,,0.058771,,,,0.2408,0.634,0.010334,0.3617,,,,0.014733,0.00352,,,0.001944,0.02632,0.2568,0.1429,0.5589,0.01235,,0.6354,,0.0031,0.00605,2.4347,,0.2619,6.3809,6.3733,1.9366,0.007598,0.02704,14.4085,0.03731,0.18737,0.003767,7.9749,,,0.7624,2.355,1.28029,20.5532,,0.3352,,43.5
2023-12-01,,,0.008234,,0.006552,5.1513,,4.433e-07,108.6765,0.03846,13.2947,0.11203,,,,1.0002,,0.06998,,,,,0.044623,0.395,0.37483,1.2212,7.2261,,2.802e-07,,0.023478,21.93,,0.2981,0.008053,0.026681,0.9737,1.5506,2281.15,0.3368,,0.02396,0.29908,0.0002501,0.9106,311.8194,0.02848,0.0046649,30.043,,0.22293,,,0.3553,0.3531,1.295e-06,,,0.18002,,0.00217,0.08396,0.01412,,0.29305,0.058,1.3386,0.9995,0.031424,1.561,0.03315,0.10761,0.00089,,0.027288,2.327,9.665,0.007941,,,,,0.036922,0.003021,3.8624,20.8155,0.0245,,0.006643,,0.6156,0.32766,0.0776,0.002478,,0.001689,0.00505,,0.2635,0.874,0.2132,0.5205,0.13733,2.051,0.665882,0.09301,0.0027387,,0.03923,0.00898,0.10592,0.7069,,0.1009,,1.49842,0.01646,0.1297,,3.7056,10.6057,0.02275,2.5387,,0.7735,1.0841,3.7075,24.7875,8.5809,,0.001286,0.02623,1.008,0.5946,,,,,0.5009,0.005593,,0.3067,9.6469,0.01454,2027.9135,0.040448,,0.07664,0.33945,0.1594,0.02102,,0.00256,0.1997,,2.195e-06,0.6096,0.021241,,,0.0525,,,,1.73151,0.55958,0.1306,,1.3139,,0.01877,,,18.0132,,,,0.38587,,0.006964,,,1.3379,0.00356,0.018421,,0.0001388,1.33155e-05,,2.6731,,55.1649,0.001502,,0.07396,0.0665,72.83,,1.88482,,8079.05,0.04028,0.16986,,,2282.0,2.3615,2.1611,1.2023,57.45,0.0726,,0.06745,,,0.8831,0.013795,,,1.1803,,3.62307,0.173,,,0.15678,0.007171,0.225,0.001605,0.3269,0.38,,1.3593,,0.010014,0.47194,,0.85,,0.03838,19.6989,,0.0181,0.03182,0.01122,0.1028,0.6722,0.003045,0.189,9.3846,8.274e-05,0.03035,1.03518e-05,0.6432,,0.8803,6.925,1.254,,0.46333,1.1393,0.3716,,0.3821,0.02476,0.30021,1.2508,0.05653,3.73e-05,0.1786,0.07108,3.0676,6.7951,,1.2267,,0.8452,42284.0,0.017153,,,0.2258,0.5937,0.002312,2.83,4.6948,,0.134504,2.043,0.02698,0.26017,0.029595,0.03279,,0.009648,6.8558,3.52e-05,,,,1.252,,,1.0002,1.1702e-06,,0.08598,0.9972,0.03901,,3.3299,42222.19,0.002441,0.002424,0.32542,,,,0.02487,0.01275,0.9843,,137.8,0.12902,0.003035,2.3638,0.6324,0.8273,,0.5503,,0.1414,0.04236,9.044,1695.4,26.3773,0.002503,,0.30957,0.7499,,,0.007422,0.799,,,,0.9416,0.0057654,0.033355,,0.000817,38.5457,2.951,0.00839,,,0.009193,,2.7758,1.3539,0.003686,0.016331,3.4968e-05,101.73,259.6,0.05596,0.023445,0.006781,0.01117,0.13303,0.732,,,,,0.5605,0.0006357,,9.486,2.2671,0.02313,0.12061,0.00017625,,,0.18298,3.6038,4.9204,2302.31,,,0.00667,8.204,,0.08953,0.988,1.6198,,0.047089,0.3705,,,,,0.281,,1.2556,0.000926,0.16832,0.2561,0.004383,0.7761,0.2926,0.58523,0.000308,,,,0.004504,84.1,3.4089,0.4274,3.4725,1.1844,0.37517,0.8724,0.03318,45.1423,,0.4445,0.0864,0.26588,3.6494,0.05376,0.002779,,0.002193,35.7627,,0.095003,,,,0.2761,0.829,0.010443,0.4923,,,,0.012963,0.003723,,,0.002883,0.05252,0.4181,0.18448,0.605,0.01751,,1.0682,,0.003347,0.00715,3.6325,,0.3187,11.8743,8.8406,2.2325,0.009492,0.03132,14.938,0.04736,0.22741,0.035552,10.28,,,0.9709,2.6438,2.13267,78.4374,,0.372,,68.0
2024-01-01,,,0.007186,,0.004878,4.6466,,3.984e-07,85.8645,0.0506,11.4691,0.09915,,,0.14812,1.0,,0.05603,,,,,0.071264,0.3447,0.2382,1.0739,6.0006,,1.959e-07,,0.02039,24.34,,0.2303,0.007832,0.014287,0.7884,1.4929,2279.93,0.2566,,0.03189,0.20666,0.00019,0.7127,300.4954,0.02349,0.001507,28.7032,,0.15926,,,0.2984,0.2454,9.125e-07,,,0.27547,,0.001419,0.08144,0.01066,0.6241,0.27335,0.0436,0.9608,1.0,0.035901,1.764,0.0243,0.11227,0.000508,0.146709,0.021848,2.0732,17.835,0.005568,,,,,0.027802,0.002168,3.0545,22.0033,0.01858,,0.010907,,0.5033,0.1427,0.0752,0.002193,,0.001333,0.004122,,0.2403,0.938,0.166,0.4316,0.10044,0.9238,0.496289,0.09372,0.0053032,0.00888,0.03649,0.00503,0.0732,0.5788,0.03489,0.0788,,1.50165,0.01663,0.115,,2.8997,9.1096,0.02891,2.3776,1.0211,0.6609,1.1975,2.83,22.1317,9.6706,,0.001128,0.02008,0.9676,0.43676,0.035108,,,,0.4755,0.00469,,0.2812,8.4301,0.01131,2021.4609,0.036898,,0.03271,0.27731,0.1452,0.01797,,0.00171,0.1926,1.2645,1.067e-06,0.5181,0.018278,,,0.04892,,,,1.68363,0.47476,0.08032,,1.2698,0.21584,0.01408,,,15.884,,,,0.29583,,0.005239,,,1.0956,0.004536,0.014043,,9.511e-05,1.06498e-05,,2.115,0.010562,42.7241,0.000496,,0.06219,0.0496,66.76,0.661,1.91279,,7069.93,0.02585,0.20231,,,2283.24,1.27692,2.3565,1.1644,54.43,0.0483,,0.02056,,,0.7424,0.01339,,,0.9115,,3.07037,0.13864,,,0.05913,0.004724,0.10101,0.000936,2.4514,0.3087,,0.8829,,0.006881,0.35267,,0.8724,,0.03375,20.8447,,0.00865,0.02885,0.010381,0.0877,0.5661,0.0023229,0.1374,8.8495,7.607e-05,0.02175,8.946e-06,0.5852,,0.6418,4.961,1.056,2.2178,0.6056,1.093,0.3164,,0.3397,0.01991,0.27724,0.9754,0.04585,2.976e-05,0.1435,0.05343,2.2846,6.8412,,1.1235,,0.6894,42583.02,0.01708,,,0.1788,0.4977,0.002347,2.9678,5.266,,0.178436,1.9534,0.04102,0.23733,0.029214,0.02405,,0.007616,7.488,2.299e-05,0.5469,,,1.158,0.75854,,1.0006,8.091e-07,,0.06956,0.9889,0.03571,,2.5864,42557.9,0.00416,0.001858,0.40211,,,,0.0252,0.02551,0.9944,,102.6,0.10991,0.002872,2.3039,0.5702,0.6026,,0.4715,,0.1622,0.036,7.8103,1960.3,30.0157,0.002129,,0.34679,0.6228,,,0.005572,0.643,,,3.0274,0.8692,0.0053955,0.026644,0.50907,0.000652,33.1932,2.63,0.00442,,,0.008379,0.1329,2.7389,1.1461,0.002753,0.011851,2.7595e-05,96.93,234.2,0.04138,0.006802,0.005125,0.00696,0.06133,0.6917,,,0.007671,,0.6503,0.00048739,,8.223,2.2329,0.01232,0.12488,0.0001429,,,0.15192,3.3186,4.4971,2310.0,,,0.00857,6.652,,0.07874,0.9741,1.3927,,0.06368,0.2752,,,,,0.2647,,0.8365,0.000461,0.2243,0.2182,0.003792,1.5185,0.2861,0.53968,0.0002817,,,,0.005292,72.69,3.257,0.391,2.4877,2.5604,0.23946,0.7078,0.02475,37.9319,,0.3564,0.0999,0.21718,2.8205,0.05824,0.00234,0.1071,0.001668,33.895,,0.101206,,5.088e-07,,0.386,0.629,0.00695,0.3792,0.08703,,,0.013872,0.009866,,0.684,0.002857,0.04785,0.4031,0.15463,0.4547,0.02372,,1.1661,0.0002802,0.002508,0.00569,2.2968,,0.2522,16.2114,6.9802,4.4731,0.007453,0.02852,15.4271,0.03901,0.19286,0.023119,9.429,0.0004621,,0.7871,2.83,1.93046,59.7813,,0.3114,,53.16
2024-02-01,,,0.0114,,0.020025,5.7424,,4.937e-07,105.7099,0.05109,12.5852,0.17177,,,0.07857,1.0,,0.09168,,1.7478,1.829e-06,,0.072716,0.51934,0.20318,1.3773,11.1243,,1.632e-07,,0.031681,28.87,,0.287,0.009128,0.015645,0.9994,3.8117,3334.33,0.3796,,0.03493,0.26529,0.0001767,1.0614,399.3698,0.037,0.0012175,31.1922,,0.21193,0.4634,,0.3601,0.3436,2.7347e-06,,,0.368,,0.002035,0.06108,0.01317,0.2266,0.20601,0.04077,1.28,0.9953,0.045712,1.944,0.03541,0.14044,0.000558,0.131703,0.031617,2.4823,20.92,0.007947,,,,,0.057999,0.00236,4.1745,26.1671,0.01616,,0.021805,,0.5865,0.16166,0.0861,0.001767,,0.002078,0.00503,,0.3701,0.913,0.04704,0.6549,0.14991,1.3765,0.54039,0.15664,0.0041248,0.009503,0.05085,0.00606,0.13358,0.8107,0.02852,0.1141,,2.89547,0.01345,0.1925,,3.6997,11.2734,0.03139,2.2209,1.0252,1.0671,1.2004,3.6579,23.4082,8.976,0.3243,0.002089,0.0181,1.2351,0.60848,0.027629,,,,0.423,0.004272,5.5153,0.3564,26.7342,0.01346,1998.0626,0.053457,,0.02688,0.36292,0.1042,0.02578,,0.000939,0.218,1.6344,2.143e-06,0.6744,0.028483,,,0.05325,,,,2.11,0.6487,0.0979,,1.4887,0.42968,0.02465,,,21.0421,,0.09865,,0.42619,,0.009418,,,1.5023,0.005061,0.011431,,0.00014031,2.20883e-05,,2.7059,0.007588,50.838,0.000754,,0.07315,0.0384,79.88,0.5468,2.50105,0.012549,8592.74,0.0255,0.21901,,,3340.19,1.55095,3.0168,1.1637,90.76,0.054,,0.01526,0.37091,,0.9724,0.010282,0.1456,,1.5065,,3.82536,0.1601,,,0.06458,0.004308,0.1315,0.001215,2.2885,0.4362,,0.9208,,0.009618,0.46179,,1.3778,,0.13323,21.702,,0.0102,0.03564,0.010774,0.1601,1.4701,0.002896,0.0895,11.7109,0.00012202,0.03978,1.2556e-05,0.894,,0.7462,8.146,1.524,3.9615,0.72298,1.3102,0.3806,,0.4087,0.02777,0.58423,1.8417,0.0355,3.648e-05,0.1534,0.08109,1.8095,8.8963,,1.4535,,0.861,61132.0,0.032259,,,0.2255,0.6546,0.00236,3.2039,7.9874,,0.328624,2.5017,0.08804,0.27864,0.031251,0.02416,,0.01084,8.9339,4.87e-05,0.6084,,,0.992,1.29301,,0.9994,1.2347e-06,,0.11444,0.9985,0.0418,,3.1939,61080.44,0.003687,0.002765,0.64965,,,,0.03213,0.04602,0.9985,,115.0,0.12207,0.004298,2.4849,0.6266,0.7108,,0.6537,,0.1793,0.02925,11.2369,2090.9,32.5406,0.009262,,0.39555,0.5677,,0.0003112,0.005529,0.774,,,2.6614,0.2519,0.0064677,0.030613,0.53064,0.00057,40.9631,3.321,0.00357,0.20883,1.7401,0.014831,0.2701,2.9162,1.2862,0.003367,0.019645,5.3699e-05,125.64,297.8,0.05264,0.01554,0.005093,0.00758,0.08203,0.8491,,0.03999,0.008987,,0.8338,0.00138477,,14.831,5.202,0.01991,0.20547,0.00022608,,,0.14019,4.485,6.4914,3421.76,,1.0755,0.009529,8.259,,0.1173,0.9993,1.908,2.2465,0.061815,0.3786,,,4.7266,,0.2377,,1.2337,0.001399,0.21637,0.2781,0.006056,1.6767,0.1329,2.12819,0.0003049,,0.10431,,0.006876,54.24,4.0916,0.5099,3.0815,3.1605,0.18887,0.8424,0.0393,48.9374,5.65,0.4626,0.1422,0.2878,3.8774,0.08199,0.003012,0.0942,0.001995,40.925,,0.121806,,5.192e-07,,0.4364,0.873,0.007961,0.6095,0.09936,,,0.014875,0.011878,2.385,0.7796,0.003447,0.27527,0.7118,0.28149,0.5989,0.04598,,1.0405,0.0002833,0.002612,0.00715,7.3311,,0.3082,16.5143,9.5741,4.0973,0.012149,0.02781,19.2727,0.04285,0.24647,0.02516,11.3996,0.0004685,,1.0015,3.3609,3.19574,70.9158,,0.4247,,60.15
2024-03-01,,,0.015965,,0.021809,8.7067,,5.774e-07,128.3839,0.03663,18.7782,0.13982,,,0.03733,0.9993,,0.1002,,2.179,1.585e-06,,0.098603,0.49011,0.09786,1.4011,12.9466,1.2275,1.964e-07,,0.026601,34.29,0.017826,0.3824,0.00861,0.021992,1.006,4.3998,3631.95,0.5576,,0.02602,0.27685,0.0001109,1.3455,606.5529,0.05969,0.0023775,30.2679,,0.26783,0.6147,,0.4054,0.2896,8.7957e-06,,,0.32327,,0.00314,0.04252,0.04816,0.2031,0.17233,0.05019,1.4575,0.9998,0.091243,1.662,0.02868,0.12298,0.00056,0.1177,0.039559,5.4219,22.407,0.012702,,,,,0.029929,0.001941,4.6618,48.0535,0.01707,,0.029116,1.0599,0.6291,0.16752,0.1413,0.002163,,0.00278,0.005155,,0.4168,0.804,0.02677,0.6699,0.13757,1.5518,0.988524,0.15694,0.0034844,0.021887,0.08172,0.01439,0.09726,0.9387,0.02477,0.1829,0.0004167,3.65479,0.01383,0.2318,,3.6893,12.2905,0.02427,2.3085,1.0297,1.2451,1.1344,4.8932,21.1435,7.6022,0.2779,0.004049,0.0201,1.4016,0.70255,0.02032,0.4385,,,0.3882,0.005143,6.3314,0.3452,38.7464,0.05,2222.4386,0.045417,,0.02526,0.37298,0.0806,0.04983,2.1734,0.001494,0.2649,1.6486,5.379e-06,0.7689,0.039081,0.05691,,0.05342,,,,2.46753,0.62881,0.13142,,1.7157,0.97605,0.03194,,,28.5005,,0.1196,,0.50641,,0.008966,,,1.3267,0.010345,0.00339,0.16334,0.00015877,2.80737e-05,,3.8045,0.006747,45.7803,0.000729,,0.10007,0.0793,105.06,1.7423,4.09204,0.04001,9161.15,0.02864,0.22508,0.014519,0.9414,3645.11,1.64212,2.597,1.4098,79.43,0.0684,0.69602,0.01048,0.93863,,1.095,0.010175,0.31991,,2.0631,1.4903,4.49627,0.15437,3.4053,,0.04672,0.004051,0.15321,0.001886,3.4668,0.3674,,0.945,,0.013606,1.00433,,1.355,,0.05397,34.0644,,0.01235,0.04089,0.015706,0.2118,3.0496,0.003689,0.0433,17.0728,9.237e-05,0.06908,3.0738e-05,1.3166,0.5741,1.1621,9.962,1.89,3.6948,0.59999,1.4679,0.7604,6.535,0.6664,0.03894,1.04028,3.0808,0.04988,6.804e-05,0.1715,0.10112,1.9115,14.3431,,1.7143,,1.1007,71294.77,0.034546,,,0.3497,0.65,0.004717,3.966,5.398,,0.375331,2.7114,0.09957,0.60756,0.04181,0.02629,,0.010167,5.9627,4.013e-05,0.8102,,,0.814,1.22321,,1.0,1.6142e-06,,0.11572,1.0,0.05162,,5.0053,71394.75,0.00514,0.003442,0.99594,,,2.9725,0.05122,0.04024,0.998,,132.3,0.14117,0.005919,3.0164,0.8814,1.1577,0.00517,2.5964,,0.1838,0.02374,14.8481,3924.2,55.7916,0.00471,,0.51928,0.6073,,0.0003259,0.006922,1.315,1.8222,,3.0181,0.1468,0.0141861,0.042587,0.5855,0.000512,54.0744,3.431,0.00797,0.18658,2.0695,0.013702,0.9409,4.2757,1.239,0.005545,0.02864,0.00024846,202.46,678.5,0.13024,0.005902,0.01623,0.00569,0.12993,0.9189,,0.03955,0.008443,,0.8249,0.0012851,,22.14,6.1207,0.02773,0.57404,0.00038848,,,0.20689,5.6133,5.0529,3739.99,,0.959,0.010261,9.646,,0.22008,0.9964,2.0111,2.0891,0.058167,0.4952,,,4.1087,,0.2044,,1.532,0.000888,0.21744,0.3364,0.007591,1.9143,0.1193,2.61352,0.0005988,,0.07462,,0.013456,42.95,5.4595,0.6176,4.6271,5.5079,0.25963,1.0667,0.18054,48.4352,5.9071,0.4947,0.1497,0.36185,7.293,0.28274,0.003887,0.3397,0.002038,36.815,,0.093827,,5.518e-07,,0.1955,1.119,0.008197,0.6745,0.27898,0.8329,,0.016427,0.004942,1.9748,1.0126,0.002906,0.44659,1.3056,0.39254,0.6938,0.04075,,1.0209,0.0003148,0.004875,0.01073,8.2194,,0.3709,14.3171,11.0312,4.4077,0.015835,0.02773,19.1713,0.04219,0.26572,0.024,11.4421,0.0007887,,1.0034,2.9631,3.04357,70.0132,0.1777,0.4578,,60.25
2024-04-01,,0.11145,0.014156,,0.016894,4.8368,0.1305,4.731e-07,83.37,0.03358,12.8781,0.11016,,,0.01263,1.0003,,0.06296,0.14419,1.226,1.424e-06,,0.040891,0.28905,0.06484,1.0575,7.0395,0.4074,8.02e-08,,0.017884,25.43,0.006374,0.2361,0.00582,0.012125,0.664,2.3374,3011.98,0.285,,0.02525,0.13176,7.07e-05,0.8408,578.3874,0.04708,0.0015381,19.4018,,0.17807,0.34541,,0.3214,0.1643,6.6708e-06,,,0.19408,,0.001776,0.0442,0.03908,0.0973,0.0887,0.035,0.8407,0.9972,0.055284,1.023,0.01775,0.1196,0.000374,0.08969,0.024034,5.1623,14.599,0.00645,,0.0881,,,0.015567,0.001097,2.6491,29.2064,0.01488,,0.017682,0.6102,0.5008,0.07727,0.0873,0.001169,0.8123,0.003032,0.003852,,0.2621,0.671,0.04065,0.4168,0.09006,0.8333,0.633825,0.13346,0.0015624,0.011692,0.04361,0.01007,0.0645,0.7856,0.01539,0.1068,0.0001706,2.15948,0.01144,0.238,,2.5372,8.4432,0.01225,1.5285,1.0325,0.7623,0.7192,3.673,12.0367,4.1859,0.11233,0.00253,0.01719,0.9153,0.4184,0.013359,0.30122,0.03628,,0.3028,0.003337,3.5194,0.1812,30.2212,0.03116,2303.743,0.031085,0.0118,0.01474,0.20899,0.0623,0.02872,1.5404,0.001015,0.1614,0.5075,2.776e-06,0.4972,0.029235,0.01939,0.15063,0.04278,,,,2.17265,0.29012,0.08068,0.16533,1.3475,0.7451,0.01791,,,19.4375,,0.03126,,0.3043,,0.005432,,,0.7777,0.019115,0.001824,0.06562,9.987e-05,2.26908e-05,,2.2634,0.002729,25.2231,0.000503,0.6067,0.06366,0.0414,79.5,0.9212,3.18869,0.0278,6689.4,0.01659,0.1033,0.008907,0.7101,3014.45,1.09733,2.0745,0.8619,53.49,0.0415,0.36862,0.00652,0.49454,0.1264,0.7692,0.010375,0.14577,,1.0637,0.6693,2.61065,0.12124,1.1721,18.3767,0.04046,0.002451,0.09301,0.000917,2.471,0.2198,,0.6167,,0.01932,0.64436,,1.1916,0.03006,0.02815,30.9361,,0.00671,0.03207,0.008518,0.1266,2.0224,0.0022465,0.0546,8.7021,4.337e-05,0.04123,2.23902e-05,0.9568,0.346,0.525,5.627,0.953,1.8233,0.37178,0.9825,0.4628,3.9072,0.4322,0.0228,0.6965,2.0147,0.02939,4.666e-05,0.1039,0.05701,1.3568,8.3585,0.004181,1.0667,,0.7595,60681.36,0.023279,0.003701,,0.14,0.4415,0.004474,3.0331,2.6209,,0.209148,1.9056,0.09268,0.3631,0.049029,0.01032,,0.006371,5.2591,2.272e-05,0.4981,0.0132605,1.7816,0.466,0.67535,,1.0009,1.2257e-06,,0.09378,0.9988,0.03566,,3.6215,60796.62,0.002961,0.002313,0.5166,,,1.4004,0.0336,0.0229,0.9732,,99.6,0.10776,0.003737,2.441,0.5937,0.5563,0.0011066,1.9303,0.0793,0.1104,0.01909,8.2518,2663.6,41.1632,0.005042,0.4144,0.33079,0.4171,0.0405,0.0002506,0.004085,0.753,0.892,,1.7041,0.2158,0.0066223,0.02635,0.38568,0.000341,32.7123,2.016,0.00461,0.04773,0.9491,0.008961,0.6039,4.7744,0.7946,0.004063,0.009151,0.000156359,126.75,433.9,0.06513,0.004302,0.007568,0.00327,0.08044,0.6604,,0.02915,0.004405,0.03652,0.5422,0.00081325,0.5438,14.644,3.53,0.01717,0.33094,0.00021416,2.5059,,0.13309,3.1251,3.2019,3113.14,0.9999,1.0227,0.00695,6.429,,0.13338,0.9986,1.1697,1.2563,0.025315,0.33,,0.02867,2.7912,0.08236,0.1466,,0.8343,0.000582,0.13897,0.2381,0.005131,1.1438,0.2254,1.918,0.00056,0.19745,0.03973,0.07985,0.006796,28.88,5.0558,0.3945,2.575,4.2284,0.30744,0.6463,0.09704,28.7593,3.1955,0.2808,0.1078,0.21715,6.1906,0.15354,0.001929,0.1355,0.001755,23.751,,0.05933,,2.531e-07,0.1182,0.1149,0.603,0.006601,0.3783,0.16635,0.5397,0.8145,0.013064,0.004381,0.8117,0.7017,0.00331,0.24235,1.0498,0.23621,0.4091,0.02869,,0.7002,0.000116,0.002843,0.0064,4.5417,,0.2143,9.4768,6.7384,2.5943,0.010643,0.02157,13.1374,0.02961,0.17526,0.014173,9.6179,0.0003778,0.5985,0.6672,1.8715,1.92399,34.1635,0.051,0.2783,,38.37
2024-05-01,0.6124,0.06037,0.012271,,0.033662,6.077,0.0633,4.556e-07,103.7622,0.05553,11.8516,0.13742,0.08061,0.016042,0.01795,1.0003,,0.0649,0.11113,1.177,1.222e-06,,0.047893,0.32572,0.05203,1.2077,9.959,0.5603,1.408e-07,0.4543,0.014393,29.59,0.004425,0.2717,0.004814,0.01177,0.6966,3.9651,3761.42,0.2945,,0.0242,0.11183,6.99e-05,0.8741,593.7,0.04304,0.0019202,21.925,0.0116717,0.18809,0.34559,0.34363,0.3004,0.1783,1.5418e-05,,,0.262,12.8034,0.001454,0.04441,0.02542,0.0573,0.05119,0.03683,0.8152,0.9985,0.045901,1.119,0.02436,0.1121,0.000375,0.05424,0.029993,6.3353,25.825,0.009032,,0.0617,0.01642,,0.012447,0.001,2.8415,32.5361,0.0113,,0.017564,0.5195,0.5176,0.05987,0.0953,0.001288,1.0747,0.003632,0.004036,0.00762,0.2608,0.837,0.01882,0.4445,0.1022,0.5252,0.665286,0.14862,0.0015432,0.00933,0.04079,0.00473,0.03541,0.971,0.01099,0.103,0.0002061,1.82973,0.01297,0.2475,0.14845,2.455,8.2988,0.01499,1.2809,1.0375,0.8191,0.8348,3.5043,14.7778,4.7011,0.09845,0.003349,0.01367,0.9599,0.43193,0.008178,0.17956,0.03931,,0.2571,0.003769,3.02,0.2035,45.2843,0.02524,2328.9885,0.021939,0.01457,0.0105,0.23695,0.0572,0.02832,1.4297,0.000756,0.1663,0.4963,2.982e-06,0.7089,0.029874,0.0225,0.10766,0.03851,0.0335,,,2.30799,0.20699,0.08666,0.14197,1.2441,1.24228,0.02175,0.12069,,20.6734,,0.03099,,0.31665,,0.005192,,,0.8226,0.017279,0.004,0.05139,0.00011923,3.44083e-05,,2.393,0.0029,37.7131,0.000441,0.588,0.06753,0.0293,83.22,1.0946,3.50053,0.0198,6989.87,0.01159,0.09849,0.013164,0.5411,3762.62,0.75689,2.0638,0.7363,59.26,0.0349,0.29653,0.0069,0.2799,0.1255,0.7679,0.010155,0.18322,0.6028,1.025,0.4021,2.12269,0.11916,1.1796,20.432,0.04968,0.002469,0.08064,0.000971,2.9416,0.1477,,0.4285,,0.012596,0.79239,,1.4462,0.02133,0.0255,29.6123,,0.00611,0.03031,0.008852,0.1694,2.1376,0.002453,0.063,9.142,2.595e-05,0.04351,2.54281e-05,0.9949,0.202,0.4764,5.734,1.162,1.3363,0.42068,1.1305,0.5198,4.7148,0.5516,0.02366,0.71148,2.1314,0.01897,4.629e-05,0.0887,0.06894,1.6014,8.7999,0.0133,1.3505,,0.8135,67541.3,0.028505,0.004152,0.38488,1.1942,0.4471,0.002201,3.0,2.6349,0.20442,0.211844,1.92,0.09512,0.34456,0.031128,0.0109,0.06486,0.006004,4.0933,7.585e-05,0.5122,0.023188,2.1349,0.377,0.82003,,1.001,1.158e-06,,0.10012,0.9994,0.03658,,3.6068,67608.65,0.002739,0.002419,0.40527,0.06905,,0.8988,0.0351,0.08524,0.9983,0.453,90.6,0.10629,0.003869,2.3281,0.749,0.6666,0.0010667,1.9344,0.06343,0.1009,0.00871,9.6879,2703.6,44.6275,0.003416,0.3534,0.27092,0.2347,0.05518,0.0002417,0.005677,0.873,0.60252,,1.7343,0.1378,0.0061434,0.021644,0.25774,0.000339,36.024,2.0,0.00448,0.04976,0.5706,0.006533,0.7492,4.3405,0.8531,0.003272,0.008143,0.000254609,165.66,454.9,0.0786,0.004904,0.005439,0.00231,0.06649,0.8113,0.0004731,0.02856,0.003981,0.08945,0.5071,0.00097521,0.5366,17.311,4.5619,0.01516,0.30252,0.0002455,3.3049,,0.12132,3.4264,3.1595,3870.96,1.001,1.545,0.006818,6.984,,0.159,0.9989,1.2488,1.3293,0.026428,0.3354,,0.03078,2.6448,0.12477,0.1221,,0.8944,0.000449,0.1323,0.2437,0.005693,1.0232,0.1687,2.60787,0.0004295,0.19344,0.03185,0.05411,0.006305,22.31,3.7536,0.4836,2.7724,6.1739,0.30586,0.655,0.13619,30.419,2.9821,0.3028,0.142,0.21913,7.2481,0.19765,0.002251,0.2509,0.001672,24.429,0.013819,0.063727,,3.267e-07,0.0632,0.0716,0.719,0.006361,0.4208,0.12327,0.4488,0.8783,0.011181,0.003814,0.8453,0.4675,0.002484,0.30201,0.538,0.29811,0.4619,0.0273,,0.7768,0.0001612,0.00256,0.00797,4.8339,0.09009,0.2333,10.543,7.4146,3.4561,0.011327,0.0216,18.4121,0.02343,0.20578,0.014959,10.0218,0.0003407,0.3853,0.6944,2.5288,2.17202,47.0742,0.0368,0.2942,0.19253,38.86
2024-06-01,0.4736,0.02772,0.011516,0.0279,0.028961,4.1641,0.0347,4.496e-07,97.4946,0.04908,8.1734,0.19008,0.01685,0.009724,0.00713,1.0005,,0.04029,0.09084,0.69,1.144e-06,,0.040347,0.21529,0.02218,1.0883,9.299,0.519,7.09e-08,0.4547,0.010485,23.69,0.002027,0.1796,0.00279,0.005245,0.5558,3.1674,3436.3,0.299,0.0891,0.02396,0.06639,5.47e-05,0.6324,582.23,0.03114,0.0004959,19.8654,0.014567,0.14458,0.16883,0.10321,0.2852,0.1362,1.1929e-05,0.22349,0.6449,0.24818,6.1604,0.000953,0.03036,0.01332,0.0406,0.02869,0.02961,0.5847,0.9993,0.037176,0.803,0.01804,0.12466,0.000289,0.01675,0.01859,7.6645,30.7,0.004275,0.00406,0.0462,0.00852,,0.009149,0.000731,1.9961,24.5336,0.00642,,0.009208,0.3503,0.4761,0.05068,0.057,0.00112,0.5964,0.002645,0.002489,0.005731,0.1801,0.746,0.02366,0.3391,0.09957,0.4817,0.494038,0.13808,0.0008402,0.004991,0.02605,0.004177,0.0171,0.6016,0.00894,0.0701,0.0001457,1.72312,0.00413,0.1766,0.15161,1.8033,6.7323,0.0101,1.347,1.0426,0.6067,0.6129,2.6148,11.4272,3.0618,0.05127,0.002548,0.00627,0.7949,0.33133,0.006118,0.09857,0.02368,,0.2054,0.002954,1.8038,0.1259,27.8365,0.01577,2311.8187,0.018615,0.00791,0.00503,0.1725,0.037,0.01997,1.0522,0.0002129,0.1272,0.3845,1.739e-06,0.3824,0.023433,0.00792,0.08811,0.0301,0.01951,,0.0115,1.63258,0.13079,0.05446,0.11591,1.0664,1.20099,0.01487,0.17458,,15.3927,1.858e-06,0.01013,,0.19445,0.03019,0.003376,2.0416,0.065,0.5388,0.010597,0.002566,0.03496,8.25e-05,2.26562e-05,,1.0047,0.001548,29.029,0.000379,0.3645,0.041,0.021,75.33,0.8206,2.4175,0.01262,6385.08,0.00975,0.02906,0.009888,0.4008,3438.07,0.57734,1.5613,0.5603,49.7,0.0355,0.13869,0.0024,0.1866,0.0654,0.5077,0.008508,0.14488,0.4473,0.6388,0.2591,1.57153,0.10469,1.1257,14.536,0.03011,0.001599,0.03585,0.000512,2.5203,0.1674,,0.2752,0.1773,0.01045,0.58984,,1.2115,0.02061,0.02307,23.1437,0.06959,0.00317,0.02934,0.00615,0.0992,1.4311,0.001865,0.0343,7.0721,1.346e-05,0.02769,1.72567e-05,0.7904,0.1275,0.3249,4.48,0.838,0.6828,0.20532,0.7557,0.3683,3.0839,0.3881,0.01781,0.4545,1.5605,0.01358,3.232e-05,0.059,0.04948,1.4305,4.875,0.011756,1.0096,0.03913,0.5778,62772.83,0.016356,0.0045,0.20891,0.9725,0.3924,0.001807,2.2923,1.3236,0.13436,0.161622,1.4899,0.12284,0.2517,0.016203,0.00316,0.05945,0.003584,3.439,4.004e-05,0.4254,0.017073,1.4488,0.151,0.42881,0.1623,1.0016,8.71e-07,0.11715,0.0767,0.9984,0.0147,3.4782,2.5066,62849.5,0.001722,0.00184,0.32381,0.07218,3.3558,0.5246,0.02338,0.09439,0.9995,0.42662,77.3,0.09123,0.003001,1.8946,0.6813,0.4305,0.0005585,1.3337,0.02637,0.0656,0.00681,6.7356,2539.1,40.8893,0.002842,0.2423,0.20064,0.1405,0.03355,0.0001794,0.002648,0.617,0.34449,0.12536,1.0518,0.1641,0.004091,0.015528,0.16,9.7e-05,29.3656,1.395,0.00252,0.04038,0.3049,0.006349,0.5569,4.3185,0.5404,0.002439,0.005649,0.00017176,146.61,394.0,0.09568,0.002922,0.001784,0.000774,0.03374,0.6324,0.0003911,0.02179,0.002625,0.15659,0.3407,0.00070586,0.3017,8.92,3.7499,0.00863,0.20841,0.00018042,2.1979,0.02225,0.13393,2.609,2.9553,3575.51,1.0004,1.4156,0.00472,6.213,,0.12449,0.995,0.9855,0.8416,0.014856,0.2424,,0.01601,3.0426,0.03524,0.1083,,0.5753,0.000409,0.06849,0.1973,0.003866,0.82,0.1729,1.79377,0.0002462,0.06406,0.01986,0.03525,0.00479,18.84,3.0701,0.3999,2.148,5.0633,0.31433,0.4422,0.08354,23.7969,1.5016,0.2252,0.0758,0.1615,5.3042,0.13537,0.001442,0.1389,0.001326,23.533,0.001835,0.047859,,1.933e-07,0.0195,0.035,0.347,0.005119,0.3063,0.1007,0.3261,0.5327,0.009049,0.002047,0.4725,0.3575,0.001617,0.22287,0.3526,0.21065,0.2857,0.02445,,0.6339,0.0001434,0.001978,0.00472,2.4697,0.06061,0.164,6.2,6.055,2.4306,0.008329,0.01901,14.2821,0.01391,0.16122,0.005644,10.0047,0.00015,0.3117,0.5611,1.9759,1.5833,39.4094,0.0219,0.2127,0.14996,29.67
2024-07-01,0.3919,0.02562,0.010102,0.01637,0.028984,4.2397,0.0446,4.06e-07,107.5243,0.05367,8.9512,0.20551,0.01327,0.005625,0.00736,1.0002,0.1382,0.03964,0.05403,0.464,1.012e-06,,0.030337,0.17798,0.01651,0.9722,7.1724,0.2619,7.74e-08,0.3681,0.007558,21.77,0.001595,0.1442,0.002227,0.006264,0.4978,2.6581,3231.58,0.2532,0.0342,0.01864,0.05167,3.99e-05,0.6729,576.5,0.02881,0.0004261,14.7174,0.012811,0.13562,0.11925,0.03203,0.2548,0.1199,1.1047e-05,0.2565,0.6541,0.18325,7.6775,0.001104,0.02484,0.01745,0.0315,0.017,0.02963,0.5221,0.9998,0.030322,0.657,0.01834,0.12867,0.000256,0.01813,0.013864,6.7539,25.407,0.004115,0.00288,0.04,0.00621,0.006299,0.006906,0.00058,1.6494,25.8898,0.0088051,,0.008305,0.2618,0.6229,0.03651,0.0442,0.001465,0.4829,0.002083,0.001961,0.003347,0.1412,0.758,0.02305,0.3119,0.08114,0.4971,0.475524,0.14219,0.0007958,0.003207,0.02002,0.003315,0.00849,0.5081,0.0052,0.0649,0.0001236,1.72951,0.00437,0.1553,0.07515,1.5821,5.807,0.00813,0.9616,1.0493,0.5349,0.4738,2.5762,9.732,2.2115,0.03922,0.001819,0.00771,0.7317,0.30948,0.00495,0.09309,0.02102,0.08489,0.2145,0.002318,1.7285,0.0962,29.1072,0.01459,2426.4729,0.019069,0.00557,0.00381,0.25178,0.0278,0.01786,0.8608,0.0002585,0.1054,0.2749,1.779e-06,0.3566,0.021551,0.00455,0.07013,0.02925,0.02117,0.1808,0.00543,2.10601,0.09405,0.04341,0.08001,1.1499,0.9269,0.01313,0.12425,0.0187,12.4882,1.94e-06,0.00999,0.10976,0.17447,0.02306,0.003176,2.2652,0.04036,0.4377,0.011217,0.001436,0.02489,7.801e-05,2.45168e-05,5.7358,1.2254,0.001728,26.8503,0.000314,0.2487,0.02896,0.02393,70.14,1.0005,2.98089,0.00658,5599.06,0.00644,0.01912,0.009971,0.2807,3232.7,0.50029,1.6652,0.4957,52.76,0.0314,0.05937,0.00092,0.19,0.0465,0.5516,0.007026,0.13092,0.207,0.6114,0.2056,1.66247,0.10483,1.3003,10.937,0.03494,0.000905,0.04287,0.000447,1.9949,0.1524,0.2148,0.228,0.1461,0.007886,0.41136,0.15956,1.165,0.01912,0.02214,19.1229,0.071633,0.002701,0.0277,0.00642,0.0954,1.1551,0.00173,0.02,6.4128,6.73e-06,0.02189,1.59241e-05,0.7223,0.1537,0.2676,4.208,0.668,0.6587,0.18348,0.5915,0.3661,1.9862,0.2802,0.01634,0.44636,1.3652,0.01524,3.722e-05,0.0295,0.04382,1.36,3.9075,0.010529,0.9001,0.01261,0.5841,64631.66,0.018408,0.006612,0.20902,0.2049,0.3882,0.001131,2.1637,1.417,0.11028,0.140872,1.4553,0.13093,0.23358,0.013588,0.00521,0.03507,0.002554,4.8614,2.992e-05,0.3005,0.011664,1.0387,0.1665,0.29458,0.1534,1.0003,8.794e-07,0.03536,0.06295,1.0002,0.02224,4.4501,2.3788,64750.3,0.00133,0.001595,0.35192,0.05972,2.4245,0.4484,0.02247,0.06889,1.0006,0.4689,68.9,0.10047,0.00261,1.7828,0.5891,0.3822,0.0006573,1.2224,0.02249,0.0388,0.01601,9.6769,2800.3,30.1419,0.002933,0.2171,0.17166,0.1076,0.0435,0.0001544,0.002195,0.532,0.16953,0.06863,0.9105,0.1292,0.0029984,0.014935,0.0938,0.0002134,25.7057,1.193,0.00198,0.01706,0.26,0.005384,0.5668,3.9086,0.4854,0.002408,0.005006,0.000161355,171.68,414.2,0.12279,0.001,0.001868,0.000668,0.01874,0.5705,0.0002396,0.0165,0.001601,0.12427,0.3167,0.00064129,0.2729,8.54,3.5566,0.00916,0.14662,0.00015982,2.177,0.014,0.11334,2.1819,3.3096,3357.11,1.0,1.0247,0.005016,5.388,0.0011971,0.12196,0.9977,0.7494,0.5378,0.015605,0.1938,,0.01442,2.592,0.01973,0.0897,,0.515,0.00048,0.03878,0.1933,0.004134,0.7073,0.2666,1.26704,0.0002506,0.04411,0.01364,0.03986,0.003417,17.721,2.6727,0.3405,1.8552,3.4557,0.34143,0.4013,0.06,20.5052,1.4793,0.1891,0.0647,0.15286,4.9916,0.11419,0.001381,0.1223,0.001055,21.958,0.001859,0.039884,0.16808,2.694e-07,0.013791,0.03634,0.25,0.003656,0.2532,0.04259,0.3181,0.3994,0.007188,0.000735,0.3411,0.3765,0.001253,0.16767,0.2395,0.17989,0.261,0.01731,0.027475,0.5137,0.0001217,0.001394,0.00111,2.105,0.04856,0.1429,5.2677,5.6516,2.4973,0.006928,0.01848,12.8267,0.01768,0.13711,0.007935,9.5248,5.83e-05,0.2242,0.4957,1.611,1.39374,35.6994,0.01462,0.1816,0.14898,30.99
2024-08-01,0.2693,0.02441,0.036268,0.01051,0.019021,3.9251,0.046167,4.493e-07,129.754,0.0572,7.5595,0.16313,0.00895,0.00301,0.00759,1.0002,0.0917,0.02976,0.0507,0.356,1.221e-06,0.0526,0.02039,0.14841,0.006124,0.8498,5.9459,0.2281,5.34e-08,0.4673,0.004728,18.4,0.001297,0.1259,0.001821,0.003762,0.4239,0.8904,2512.25,0.2284,0.0222,0.01862,0.02428,3.39e-05,0.5532,532.87,0.02378,0.0005124,10.9181,0.008384,0.12327,0.07743,0.01725,0.2114,0.0909,7.597e-06,0.21406,0.5635,0.13748,6.2991,0.000842,0.01651,0.01406,0.023,0.00704,0.02649,0.5225,0.9996,0.022697,0.514,0.01598,0.15764,0.000222,0.00933,0.009735,5.422,17.718,0.002843,0.00106,0.02796,0.00303,0.002925,0.006409,0.00029966,1.3353,21.4608,0.0042569,0.1817,0.004925,0.2367,0.5662,0.02589,0.0375,0.001775,0.3087,0.001994,0.002062,0.002468,0.1117,0.698,0.0332,0.2699,0.05583,0.3888,0.441894,0.12974,0.0005291,0.002213,0.0104,0.001922,0.00572,0.4811,0.002416,0.0579,8.62e-05,1.51997,0.00382,0.1229,0.04104,1.4169,4.5629,0.00556,0.8756,1.0507,0.4528,0.3279,2.2829,9.104,1.8767,0.02054,0.00149,0.0069,0.6593,0.25174,0.003632,0.05201,0.01759,0.03746,0.1996,0.001013,1.2604,0.0856,21.6266,0.01226,2501.0275,0.014902,0.00295,0.0016508,0.16753,0.0223,0.01621,0.8924,0.0002165,0.0807,0.1209,1.352e-06,0.2884,0.017543,0.00351,0.05544,0.0257,0.01248,0.1512,0.00457,1.54738,0.09165,0.03362,0.04525,0.9651,0.63118,0.01093,0.12364,0.0142,10.6661,9.29e-07,0.00518,0.10787,0.13869,0.01688,0.002542,1.6189,0.02732,0.3368,0.014745,0.001541,0.01249,7.84e-05,1.73227e-05,4.998,1.0561,0.000794,25.3129,0.000314,0.209,0.02649,0.016195,64.96,0.7425,2.21027,0.00478,5201.08,0.00795,0.0275,0.006033,0.1778,2513.1,0.3703,1.438,0.3804,45.29,0.0298,0.05586,0.0006,0.0889,0.053,0.5105,0.005523,0.1211,0.1784,0.5227,0.18248,1.10872,0.09669,1.1406,6.862,0.02264,0.000941,0.00563,0.000442,1.3938,0.0964,0.2669,0.0909,0.1041,0.006519,0.42402,0.112,0.998,0.01509,0.01563,17.6873,0.051102,0.00194,0.03088,0.008002,0.0791,1.1304,0.001591,0.0147,6.4925,5.74e-06,0.019,1.38334e-05,0.6045,0.1399,0.1573,3.57,0.558,0.3727,0.15698,0.5691,0.2901,1.3141,0.221,0.01327,0.33468,1.1996,0.01104,3.059e-05,0.0322,0.04129,1.2908,3.2345,0.008612,0.6991,0.00711,0.481,58972.48,0.014606,0.004075,0.13541,0.138,0.345,0.0005087,1.9979,1.0707,0.07141,0.11779,1.3941,0.09443,0.20763,0.008451,0.00628,0.01428,0.002105,7.0629,2.21e-05,0.2902,0.006536,0.7883,0.0463,0.18907,0.1153,1.0,8.519e-07,0.03841,0.05001,0.999,0.01736,4.0532,1.7332,59075.23,0.001323,0.0016,0.26966,0.01076,1.4738,0.3241,0.02222,0.07096,0.9996,0.28783,62.5,0.09256,0.002493,1.5985,0.5033,0.3469,0.0007419,0.9461,0.02029,0.0402,0.00775,7.3082,1757.3,19.3326,0.002868,0.1391,0.1701,0.0897,0.0472,0.0001403,0.000854,0.403,0.10671,0.03132,0.6473,0.1306,0.0026768,0.01454,0.0665,0.0001458,22.797,0.917,0.00102,0.01221,0.2826,0.004917,0.4006,3.7025,0.4329,0.002056,0.003984,0.0001251,135.33,322.2,0.06656,0.0004,0.001181,0.000342,0.01092,0.4808,0.0001819,0.01152,0.001952,0.0798,0.2845,0.00052853,0.2397,7.33,2.8254,0.0099,0.10793,0.00013834,1.518,0.009463,0.08194,2.0459,2.4362,2631.7,0.9988,0.9428,0.004233,4.259,0.0009204,0.10127,0.9975,0.6066,0.4731,0.012728,0.1613,0.03616,0.01113,1.8256,0.02086,0.1277,0.001276,0.415,0.000325,0.04122,0.1631,0.003625,0.7962,0.3756,1.04242,0.0002546,0.03178,0.01007,0.02053,0.003812,11.053,2.317,0.2392,1.7462,3.1951,0.27528,0.3061,0.04976,18.2038,1.3174,0.161,0.053,0.12401,4.0327,0.08575,0.001268,0.0642,0.000926,17.264,0.001982,0.041495,0.11613,2.956e-07,0.007021,0.03784,0.212,0.003021,0.2018,0.03907,0.2596,0.2375,0.010108,0.000354,0.247,0.3557,0.001949,0.12238,0.204,0.14574,0.2833,0.01598,0.0061,0.5216,8.79e-05,0.001175,0.00156,1.4903,0.030588,0.1158,4.4883,4.6999,2.2657,0.006395,0.0145,11.0138,0.01042,0.14411,0.007285,8.2894,3.66e-05,0.0836,0.4197,1.0587,1.36264,27.5374,0.01023,0.1435,0.10491,28.82
